,title,text
0,なぜタイヤ脱落『9割以上が左後輪』なのか…専門家が指摘する“日本の道路事情”と“ナットの締め方の変化”（東海テレビ） - Yahoo!ニュース,"国土交通省が公開している実験の映像　岐阜県中津川市の中央道で1月、走行中のダンプカーからタイヤが外れ、周囲にいた車にぶつかる事故がありました。大型車のタイヤの脱落事故は近年増加傾向にあり、冬場に多く発生しています。事故の原因や、ドライバーの対策について取材しました。

街で探してみたら確かに走ってる…車の希望ナンバー『358』なぜ名古屋だけ“抽選”になるほど人気なのか■岐阜県の高速道路で起きた事故 国交省の実験では「死に至る可能性が高い」ニュースOne　1月18日、岐阜県中津川市の中央自動車道・下り線で、走行中のダンプカーから左の後輪4本のうち2本が外れ、100メートルほど転がる事故が発生しました。

　タイヤ1本は下りの神坂パーキングエリアで乗用車に衝突し、乗っていた2人が首に軽いケガをしました。もう1本は中央分離帯を越え、上りのパーキングエリアに駐車中のトラック2台にぶつかりました。ニュースOne　国土交通省がウェブで公開している、時速60kmで走るトラックからタイヤが外れ、その先のダミー人形にぶつかる想定の実験映像では…。ニュースOne　乗用車の約6倍・90kgもある大型車のタイヤがぶつかった人形の体は、タイヤに沿うように折れ曲がり、頭もタイヤに打ちつけられました。ニュースOne　人形が受けた衝撃は、人間なら頭蓋骨やろっ骨などが折れ、死に至る可能性が高いという結果でした。■冬場に多発し近年増加傾向の大型車のタイヤ脱落事故 専門家に聞いた原因ニュースOne　大型車のタイヤが外れる事故の月別発生件数(2020年度)を見てみると、冬場に集中していることがわかります。また、年単位では2011年から年々増加傾向にあります。ニュースOne　なぜ近年、そして冬に大型車のタイヤ脱落事故は増えるのか、100件以上の交通事故鑑定を行ってきたラプターの中島博史所長に話を伺いました。

　まず、冬場に多い原因として「初期なじみ」が考えられるといいます。

　ネジはナットと山と谷がぴったり合わさることで締まりますが、サビや傷などによって表面にはわずかな凹凸が存在します。この凹凸が走行することで擦れて平らになり、わずかなスキマができてネジが緩みやすくなる現象を「初期なじみ」といいます。

　中島さんによると、冬を前にスタッドレスタイヤに交換し、その後「初期なじみ」によってタイヤが脱落しやすくなるのではないかと話しています。"
1,新しい客、獲得できるチャンスなのに… 「取材拒否」の飲食店がある理由（オトナンサー） - Yahoo!ニュース,"なぜ取材拒否？　飲食店の中には、テレビや雑誌の取材を一切受けない、いわゆる「取材拒否の店」が存在します。もちろん、店の経営者それぞれの考え方があるので、取材を受けるか受けないかは自由です。しかし、高い金額をかけて飲食店の認知度を高める広告とは異なり、取材の場合は無料で店のことが取り上げられ、多くの人に知ってもらえます。メディアを利用し新規の客を獲得できるチャンスでもあるのですが、そうした機会をあえて受け入れず、取材拒否をするのはなぜでしょうか。飲食店コンサルタントの成田良爾さんに聞きました。常連客が離れるのを防ぐQ.取材依頼があってテレビや雑誌で紹介されると、飲食店側としてはどのようなメリットがあり、取材依頼に対してどのように対応することが多いのでしょうか。

成田さん「飲食店が、テレビや雑誌で良いイメージで紹介されると、とても大きな宣伝効果が期待でき、特に新規顧客の集客には多大な効果があります。一般的には、取材依頼を断らない飲食店が多いと思います。

しかし、企画によっては飲食店にとってマイナスイメージになる場合もあります。例えば、店のイメージに合わないタレントが出演する企画や、似たような業態の店をランキング形式で紹介する企画です。取材依頼があっても、何でも受けるのではなく、自店に取って有益かどうかをよく検討したうえで決めた方がよいでしょう」

Q.飲食店の中には、いわゆる「取材拒否の店」が存在します。そうしたお店は、どのような特徴があることが多いでしょうか。

成田さん「取材を受ける一番のメリットは宣伝効果です。一方で、取材内容が報道されると、これまで来店したことがない人にも店のことが知られ、いきなり来店客が急増する可能性もあります。そのため、常に満席状態で宣伝が必要ない店や、客が急増すると料理の提供が難しくなる小規模店などは、取材拒否をする場合が多いです」

Q.常に満席で宣伝の必要がない店や、小規模店以外でも、取材を受けない飲食店もあります。他にも取材拒否をする理由があるのでしょうか。

成田さん「先述したように、取材を受けると多大な宣伝効果があり、来店客が急増する可能性があります。急増すると、店の席数によっては予約が取りにくくなったり、店側が客の数に対応しきれず料理の質が落ちてしまったりして、取材を受ける前からの常連客が離れてしまうからです。

飲食店にとって、常連客が離れてしまうことは、とてもダメージが大きいことなのです。報道を見て来店した新規の客が、常連客になる保証もありません。そこまで客が多くなく、取材を受けた方がプラスになると思える店が取材拒否をするのは、既存の常連客が離れてしまわないようにする経営判断でしょう」

Q.漫画「美味（おい）しんぼ」の中にも、多数のメディア取材を受ける中華料理店が、来店客が増えたことで料理の質が落ちたという場面があります。多くの取材を受けることで、現実に飲食店が駄目になってしまうこともあるのですか。

成田さん「メディアの取材を多く受ければ、それだけ露出が増えて、今までその店を知らなかった多くの新規の客が来店します。しかし、どれだけ新規の客が来店するのかは、そのときにならないと分かりません。

想定よりも多くの客が来店する可能性も十分あり、そうした場合は、店側の準備不足で来店客を満足させられず、『味が落ちた』『接客サービスが悪くなった』などと言われることは多いです。

さらに、このような悪い評判がSNSなどで拡散され多くの人に知られると、来店客が減少して、やがて店の経営が立ち行かなくなるという悪循環にもなりかねません」

Q.メディアに取り上げられることで、それまでの味や環境が大きく変わってしまうなら、飲食店は取材を受けない方がよいのでしょうか。それでも受けた方がよいのでしょうか。

成田さん「取材を受けることには、メリットもあれば、デメリットもあります。安易に受けるのではなく、今の店の実情をよく検討した上で慎重な経営判断が必要です。

メディアに取り上げられることは、まだその店を知らない多くの人に知ってもらえるチャンスです。しかし、それをきっかけに初めて来店した客が、味やサービスに満足できなかったり、既存の常連客に今まで通りに満足してもらえなかったりすると、メディアに取り上げられる前よりも経営不振に陥ることもあります。

最近のテレビでは、飛び込みで取材依頼が来ることもあるようなので、取材依頼が来たときを想定して、受けた方がよいのか、断った方がよいのかを事前に検討しておくことは、飲食店の経営者にとって必要だと思います」オトナンサー編集部"
2,【速報】「まん延防止措置」追加適用で“夜の人出”減る　札幌36.5％ 大阪18.6％減（FNNプライムオンライン） - Yahoo!ニュース,"FNNプライムオンライン27日から追加で「まん延防止等重点措置」が適用された地域では、28日夜の繁華街の人出が、1週間前と比べて4割近く減った場所もあるなど多くの地点で減少していた。

携帯電話の位置情報などから推計したデータによると、28日午後9時時点の人出は、1週間前と比べて、札幌市・ススキノで36.5％減ったほか、大阪市・キタで18.6％、福岡市・中洲で21.4％
いずれも減るなど、多くの場所で減少していた。
また、東京都内でも、六本木で26.0％、歌舞伎町で19.0％、それぞれ減るなど減少傾向だった。経済部"
3,飲み会後のナイト需要消失が打撃　カラオケ市場、コロナ前から6割減へ　「歌わないカラオケ」で回復狙う（帝国データバンク） - Yahoo!ニュース,"「まん延防止」などで再び遠のく客足 当面は苦しい状況続くまん延防止などで居酒屋客など「ナイト需要」が再び見込めなくなり、厳しい経営が予想される（写真＝イメージ）　コロナ禍で離れた客足が戻らない。帝国データバンクの調査では、2021年度のカラオケ市場（事業者売上高ベース）が1400億円程度の見通しとなり、前年に続き大幅な減少となることが分かった。この規模は、新型コロナウイルス感染症拡大前（2019年度）から6割近い減少で、ピーク時から3割台と低水準での推移となる。

　全国カラオケ事業者協会の調査でも、2020年度のカラオケボックス店舗数は感染拡大前の19年度から908店減の8436店、過去最大の下げ幅となる1割減と厳しい状況だった 。こうしたなか、東京都などで適用されたまん延防止等重点措置などで、深夜帯を中心に「回復してきたサラリーマン需要が落ち込むのは痛い」（都内カラオケ店）など、繁華街の店舗を中心に飲み会後の二次会・三次会、「ナイト需要」が見込めず、売り上げが大きく落ち込む可能性が高まった。もともと、都心部を中心に広がったテレワークに加え、コロナ禍を機に高まった忘新年会や会食の自粛・敬遠ムード、スマホゲームをはじめとしたアミューズメントの多様化といった逆風が吹いており、当面の間、苦しい経営を余儀なくされる状況が続きそうだ。回復遠いカラオケ市場、 飲み会後の「ナイト需要」消失打撃カラオケ市場推移　2022年1月までの企業業績（予想を含む）から、2021年度のカラオケルーム市場を推計したところ、1400億円前後にとどまることが分かった。前年度比で4割超の急減となった20年度に比べると、21年度の減少率は3割ほどと低くなったものの、それでも20年度に続いて大幅な減少を余儀なくされる。この結果、21年度市場はコロナ前となる19年度の3482億円の4割程度と半分以下の水準となるほか、直近でピークだった11年度の3837億円からは3割台になるなど厳しい内容が見込まれている。

　　2021年度も緊急事態宣言やまん延防止等重点措置が繰り返し発出され、休業や営業時間短縮等の活動制限を余儀なくされたことでカラオケルームの稼働率は大きく低迷した状態が続いた。それでも、郊外のロードサイド店などでファミリー層などを中心とした日中のレジャー需要には回復がみられた企業が多くあるほか、昨年秋以降は緊急事態宣言の解除により、駅前繁華街といった都市部店舗で「飲み会」後の二次会・三次会目的での来客も復調するなど明るい動きがあった。コロナ前の水準には及ばないものの、書き入れ時となる年末年始にかけては小規模な忘新年会需要も発生した。"
4,生乳廃棄問題、給食ない春休みに再燃の可能性も　業界団体が見通し（朝日新聞デジタル） - Yahoo!ニュース,"牛乳の消費拡大をPRする金子原二郎農林水産相（中央）ら=2021年12月17日、東京都千代田区の農水省、五郎丸健一撮影　年末年始に牛乳の原料となる生乳が余り、廃棄のおそれが生じた問題で、酪農・乳業の業界団体「Jミルク」は28日、学校が春休みに入る3月の年度末に再び生乳が余る可能性があることを明らかにした。廃棄の回避に向け、消費の拡大や、一時的な出荷抑制などを呼びかけるという。

【写真】1杯50円でホットミルクを特別販売したJA全農ふくれんの直営店=2021年12月27日午前11時41分、福岡市中央区天神4丁目、伊藤隆太郎撮影

　Jミルクによると、2022年度の生乳の生産量は全国で771万トン（前年度比0・8%増）が見込まれる。一方、消費はオミクロン株による新型コロナの感染拡大で不透明とし、牛乳の約1割を消費する学校給食がなくなる春休みや、季節的に生産が増える4、5月には、需給バランスが崩れるおそれがあるという。

　Jミルクの内橋政敏専務理事は28日の会見で、春に廃棄問題が再燃する可能性について「予断を許さない」とし、「春は年末年始より対策期間が長期にわたる。関係者一丸となって（廃棄の回避に）取り組むとともに、給食がない期間は、子どもの体調を整える意味でもぜひ乳製品を活用してほしい」と話した。（川見能人）朝日新聞社"
5,ビックカメラ、メーカーからの派遣を取りやめ 自社の従業員とスイッチへ（BCN） - Yahoo!ニュース,"ビックカメラ有楽町店　ビックカメラは、5年以内をめどに家電メーカーから派遣されている販売員の受け入れをやめることを明らかにした。管理職などに就いている30歳前後の自社従業員を販売員に転換し、段階的に切り替えていく。コロナ禍にリアル店舗に来店する顧客への提案力を高めたり、フロアの垣根を超えた幅広い商品知識に精通した販売員を育成することで、同社がパーパスに掲げる「お客様の購買代理人として、くらしにお役に立つくらし応援企業」の実現を目指す。



●給与面でも管理職と同等にする方針
　ビックカメラが家電メーカーから派遣されている販売員の受け入れをやめるにあたり、2021年の年末から計画を開始した。既に店長代理やフロア責任者といった役職者を、研修を通して販売員リーダーに転換している。

　同社によると、メーカーから派遣されている販売員は全販売員の約3割。今後、理解を得ながら調整し、切り替えを進めていく。

　「コロナ禍により、駅前の店舗に気軽に立ち寄る機会が減っているので、提案力の重要性が増している。来店されたお客様がどのような暮らしをしたいのかをくみ取り、コーナーを越えた提案をするには、自社の従業員が案内することが適切だと考えた」（ビックカメラ広報）と計画の背景を説明する。

　2022年春には、給与面でも管理職に就かなくても実績に応じて管理職と同等にする仕組みをつくる方針。8月までに、販売職に切り替わる従業員に対して、商品知識や接客などの教育を施す研修制度も用意する。

　また、ECとの差別化もある。2021年8月期の決算によると、ビックカメラグループ全体のEC売上高は1564億円（前期比108.9％、EC化率18.8％）と、コロナ禍によりECの利用が増えている。オンラインでは難しい接客による提案力を磨くことで、リアル店舗の付加価値を高めて来店を促す狙いもある。（BCN・南雲 亮平）"
6,JR東日本が車内コロナ対策を強化　感染者急増を受け（テレビ朝日系（ANN）） - Yahoo!ニュース,"エラーコード：1001100ご利用の環境では映像を視聴できません。映像視聴における推奨環境はこちらをご確認ください。All Nippon NewsNetwork(ANN)　JR東日本は利用者からの声を受け、新型コロナウイルス対策を強化します。

　東京などで連日、新型コロナウイルスの感染者数が過去最多となっていることなどから、JR東日本には利用者から「車内は大丈夫か」といった様々な声が寄せられているということです。

　これを受けてJR東日本は、常に外気を取り入れる電車内の換気や乗客にホームや駅構内でのマスク着用の協力を求める車内アナウンスなどを強化します。

　JR東日本は、これまでも様々な感染対策をしていますが「安心してご利用頂くために車内換気や消毒などの徹底を強化していく」としています。テレビ朝日"
7,入園者上限引き上げ、オリエンタルランド赤字縮小…業績予想を上方修正（読売新聞オンライン） - Yahoo!ニュース,東京ディズニーランド　オリエンタルランドは２８日、２０２２年３月期の連結業績予想を上方修正し、売上高を昨年１０月時点より２２９億円多い２６１９億円に引き上げた。東京ディズニーランドと東京ディズニーシー（いずれも千葉県浦安市）の入園者数の上限を昨年１０月下旬から段階的に引き上げたため、１０～１２月の入園者数が想定を上回った。　最終利益は５８億円の赤字とし、１０月時点（１７５億円の赤字）から縮小するとの見通しを示した。　オリエンタルランドは、千葉県で「まん延防止等重点措置」が適用されたことを受け、今年１月２１日から両パークの入園者数をそれぞれ２万人以下に制限している。
8,「IPO割引」の慣行は「独禁法違反の恐れ」　公取委、公平な競争促す（毎日新聞） - Yahoo!ニュース,"公正取引委員会の看板。公正取引委員会などが入る中央合同庁舎第6号館B・C棟で＝東京都千代田区霞が関で2019年、本橋和夫撮影　公正取引委員会は28日、新規株式公開（IPO）時の価格決定を巡る報告書をまとめ、証券会社が主導する現行の値決めの慣行は独占禁止法違反が発生する恐れがあるとの見解を示した。証券会社が価格を低く設定することで、上場する企業の調達資金や創業者らが得られる利益が少なくなることを問題視した。

【写真】晴れ着姿で「打ーちまひょ」　証券会社の女性社員ら

　新規上場を目指す企業は、証券取引所の承認を経て、「主幹事」となった証券会社が主導する形で上場手続きを進めていく。説明会を開くなど投資家の需要をはかりながら、上場前に、証券会社の顧客である一部の投資家に販売する「公開価格」を決定。実際に上場されると幅広い投資家の間で取引が始まり、初めて付いた株価が「初値」と呼ばれる。

　問題は、国内の新規上場株の初値は、公開価格の平均1・5倍もの高値が付くとされる点だ。初値が公開価格を上回れば、証券会社の顧客である投資家は含み益を得られるため、人気が高く証券会社にとっては個人投資家を呼び込む手段にもなっている。

　その半面、初値での値上がりを演出するため、あまりに公開価格が低く設定されれば、企業が上場時に調達できる資金や創業者の得る利益が少なくなり、新興企業の成長にはマイナスになりかねない。

　こうした現状に独禁法上の問題がないか、公取委は最近、国内の証券取引所に上場した企業97社と主幹事を務めた証券会社22社を対象に調査。その結果、企業からはさまざまな不満が寄せられた。

　その一つが、公開価格を決定するにあたり、あらかじめ価格を低くしておく「IPO割引」という慣行だ。実際、公取委の調査に答えた証券会社の63・6％が「2割以上3割未満」の割引を行ったと回答した。

　金融市場には不確実性があることから、証券会社にとっては「当然」の手法だが、ある企業は「新型コロナウイルス感染症の拡大で（市場が不安定化しているため）、4割（低めの設定が）必要だと説明を受けた」と指摘。

　その他にも「直接の動きが見えたわけではない」としながらも「公開価格は（証券会社内の）小売り営業の（売りやすいように引き下げろという）圧力が働いた結果の数字だと考えている」「算定根拠の説明を受けられず、交渉についても取り付く島もなかった」と証券会社に対する数々の不満があがった。

　公取委幹部は「（主幹事の証券会社が）個人投資家に売りやすいように公開価格を下げる傾向があると言われている」と話す。報告書は、主幹事証券会社が企業側に十分な説明なく一方的に価格を低く設定することは、独占禁止法が禁ずる「優越的地位の乱用」にあたる恐れがあるとの見解を示した。

　また、新規上場企業は主幹事証券会社より弱い立場になりやすく、「幹事社を変更したかった」と回答した企業のうち28・6％は「変更すれば上場予定日が1年ほど延びる」と証券会社から言われるなどして断念していた。公取委幹部は「一般的には、上場手続きのプロセスが進むほど証券会社の優越的な地位が高まっていくのではないか」と分析する。

　こうしたアンバランスな状態を緩和するため、公取委は証券会社に対し、企業が主幹事を変更したい場合に配慮することや、公開価格などについて、企業が他の証券会社から意見を聞くことを阻害しないよう促した。

　これに対し、証券業界では公取委の指摘に疑問の声が相次いだ。人気の高い新規上場株は証券会社の想定を超えて高い初値が付くことがあり、投資家によるマネーゲームが公開価格と初値との隔たりを招いているという認識からだ。ある大手証券幹部は「現状は『プラチナチケット争奪戦』に近い。初値が上がっても、結局、半年後、1年後には公開価格と同じ程度に戻り、下回ることが多い印象がある」と話す。とはいえ、証券会社は新規上場株の人気を盛り上げることで、株が売れ残って自社が含み損を抱えるリスクを抑えているという状況もある。

　日本証券業協会は既に、公開価格と初値の隔たりを小さくする方策を検討中だ。公開価格を決めてから上場するまでの期間を短縮して「IPO割引」の幅を縮小したり、初値が付くまでは投資家が株の購入価格を指定しない「成り行き注文」を禁止して初値の急騰を抑制したりすることを想定している。

　2021年の国内新規上場企業は136社と06年以来の高水準だったが、新規上場時の資金調達額は米国の10分の1程度にとどまる。岸田文雄政権は日本経済にとって急務である新興企業の成長に向け、こうした状況が足かせになっているとして、公取委の報告書を改善のてこにしたい考えだ。

　しかし、どれほどの効果が期待できるのだろうか。ニッセイ基礎研究所の中村洋介主任研究員は「そもそも上場に至る企業をいかに増やすかが肝心だ。公開価格と初値の差はあくまで課題の一つでしかない。起業家をどう増やすかや海外から投資をどう呼び込むか、規制緩和など課題が多く、他の部分でも力を入れないといけない。新規上場のプロセスだけを変えてすべてが良くなるわけではない」と指摘する。

　一方、証券業務コンサルティング業を営む資本市場研究所きずなの渡辺雅之氏は「公開価格を安くして投資家に売るよりも、証券会社には買ってくれる投資家を掘り起こす努力が必要ではないか」と語った。【高橋祐貴、加藤美穂子、岡大介】"
9,【速報】3月の電気・ガス料金上昇続く　電力3社は値上げ上限に（FNNプライムオンライン） - Yahoo!ニュース,"FNNプライムオンライン電力大手10社は先ほど、今年3月の電気料金を発表し、標準家庭のケースで東京電力が283円、中部電力が292円、関西電力が55円上昇するなど、9社が値上げすることが分かった。

火力発電に使うLNG・液化天然ガスなど、燃料の輸入価格上昇が続いたためだ。電気料金は、燃料輸入価格を自動的に反映させる「燃料費調整制度」を踏まえて決まっている。

電力会社の努力ではどうしようもない燃料価格の上昇を、電気料金に転嫁することで、電力会社の経営と電力の安定供給を守るためだ。

ただ燃料費調整制度では、消費者に転嫁できるのは、電力会社があらかじめ設定している基準価格の1・5倍までと上限が決められている。

3月の料金改定では、関西電力と中国電力がその上限に達した。2月の段階で上限に達した北陸電力と合わせて、3社は経済産業省に値上げを申請しない限り、燃料費が上がっても電気料金を値上げできなくなる。

一方、東京ガスなど大手都市ガス4社も、3月に168円～229円値上がりする。経済部"
10,セガ、ゲームセンター事業から完全撤退　店名から「SEGA」消える（ITmedia NEWS） - Yahoo!ニュース,"GENDAのプレスリリース　アミューズメント事業を展開するGENDA（東京都大田区）は1月28日、ゲームセンターを運営するGENDA SEGA Entertainment（旧セガ エンタテインメント、GSE）の全株式を取得したと発表した。セガグループはゲームセンター事業から完全撤退することになる。

　GENDAがセガからGSE株14.9％を取得し、持ち株比率が100％になった。取締役会からはセガサミーグループ所属の吉澤秀男氏が退任。社名はGENDA GiGO Entertainment（GGE）とし、SEGAブランドで運営しているゲームセンターの店舗名は「GiGO」に変更する。

　セガエンタテインメントはセガサミーホールディングスの完全子会社としてゲームセンター事業とゲーム機の開発製造を手掛けていたが、コロナ禍でゲームセンターの経営が悪化。2020年11月には株式85.1％をGENDAに売却していた。

　セガはゲームセンター事業からの完全撤退を認めた上で、アーケードゲームの開発は継続するとしている。ITmedia NEWS"
11,日経平均終値、５４７円高の２万６７１７円（読売新聞オンライン） - Yahoo!ニュース,東京証券取引所　２８日の東京株式市場は前日までの大幅下落で割安感の出た銘柄を買い戻す動きから全面高の展開となった。日経平均株価（２２５種）の終値は前日比５４７円０４銭高の２万６７１７円３４銭で４日ぶりの上昇となった。　東証１部全体の値動きを示す東証株価指数（ＴＯＰＩＸ）は、３４・４５ポイント高い１８７６・８９だった。
12,３月末、事実上閉鎖　那須温泉スキー場（下野新聞SOON） - Yahoo!ニュース,"３月末での営業休止が決まった那須温泉ファミリースキー場＝26日午後、那須町湯本　栃木県那須町は27日、60年の歴史を持つ同町湯本の町営「那須温泉ファミリースキー場」の営業を3月末で休止すると発表した。利用客の減少によって財政負担が増しているためで、事実上の閉鎖となる。今後は一年を通した観光拠点への転換に向け、跡地の活用法を検討する。

　同スキー場は1961年、「国設町営那須岳スキー場」として開業。リフト2基で緩斜面中心の家族向けとして親しまれ、70～80年代は毎年5万人前後の利用客がいた。しかし近年はレジャーの多様化や最新設備を備えたスキー場の台頭で減少傾向が続き、記録的な雪不足となった2019年度は820人、20年度は新型コロナウイルス禍の影響で8480人に落ち込んでいた。

　近年の同スキー場の運営費は年間2千万～3千万円。町は16年から指定管理者制度に切り替え、第三セクター「那須未来」に運営を委託したが、人工降雪機がないこともあり、経営安定化にはつながらなかった。このまま営業を継続した場合、新年度から3年間は運営費に加え、老朽化したリフトの修繕費計約5800万円がかかるという。

　同スキー場の敷地は約10万平方メートル。夏場はパラグライダーの愛好家らに利用されている。平山幸宏（ひらやまゆきひろ）町長は記者会見で「リフトは使えなくなるが、子どもたちが雪遊びするのは十分に可能。民間の知恵も借りながら、一年を通して使える観光施設に転換を図りたい」と跡地の活用に意欲を示した。

　同スキー場は27日も通常営業しており、那須町高久甲、自営業女性（36）は「那須町の小学生はみんなここでスキーを覚えるし、私にとっては家族で何度も訪れた思い出の場所。スキー場でなくなってしまうのは悲しい」と残念がっていた。"
13,トヨタ、2年連続で販売世界一　1049万台、独VW上回る（共同通信） - Yahoo!ニュース,"1/2愛知県豊田市のトヨタ自動車堤工場の入り口に掲げられた同社のロゴマークトヨタグループの世界販売台数の推移　トヨタ自動車は28日、ダイハツ工業と日野自動車を含むグループの2021年の世界販売台数が前年比10.1％増の1049万5548台だったと発表した。ドイツのフォルクスワーゲン（VW）の888万2千台を上回り、2年連続で世界一。半導体不足や新型コロナウイルス禍による生産への影響を他社より抑え、主要市場のアジアや北米で需要を取り込んだ。

【グラフ】トヨタの世界生産台数の推移　グループの世界生産は9.4％増の1007万6246台。半導体在庫を積み増して備えていたことや、足りない部品を別工場から調達する代替生産の進展が奏功した。

　ライバルのVWは、21年の販売が半導体不足が響いて前年比4.5％減。"
14,ジャパンライフ巨額詐欺　元会長に懲役8年の実刑判決　東京地裁（朝日新聞デジタル） - Yahoo!ニュース,"東京地裁　磁気治療器のオーナー（販売預託）商法で顧客約20人から約1億6千万円をだまし取ったとして、詐欺罪に問われたジャパンライフの元会長・山口隆祥被告（79）の判決公判が28日、東京地裁であった。浅香竜太裁判長は「企業活動の形で行われた大型詐欺事犯で非常に強い非難にあたる」と述べ、懲役8年（求刑・懲役10年）の実刑判決を言い渡した。

【写真】ジャパンライフ元会長の山口隆祥被告（左）=2020年9月18日、東京都文京区

　ジャパンライフの事件をめぐっては山口元会長の長女の同社元社長らや幹部12人も出資法違反罪で有罪判決を受けているが、実刑判決が出たのは初めて。

　判決によると、山口元会長は、顧客に購入してもらった磁気ネックレスなどをユーザーに貸し出す販売預託商法を展開し、レンタルオーナーとなる顧客に「配当と元本保証」を約束。消費者庁による業務停止命令後も経営方針を変えず、2017年以降は配当の見込みがないのに契約金名目で現金をだまし取った。

　判決は、元会長が経営の逼迫（ひっぱく）状態を社員らに知らせずに勧誘を指示したと認め、「顧客の財産をないがしろにして会社の延命を図った。老後の蓄えなどを失った被害者の処罰感情は厳しく、長期の実刑は避けられない」と結論付けた。

　検察側の冒頭陳述などによると、山口元会長は03年ごろから販売預託商法を開始。「レンタルオーナー」となる顧客には、年利6%の配当収入と元本保証を約束した。山口元会長はこれまでの公判で「起訴内容は全て認める。心からおわびする」と謝罪。「会社創立当初から詐欺を目的に（販売預託商法を）始めていない」と訴えていた。

　弁護団によると、被害者は約7千人で、被害額は計約2100億円にのぼるという。同社は18年3月に破産した。（新屋絵理）朝日新聞社"
15,東京株、午前終値は５４９円高　前日の大幅下げで値ごろ感（産経新聞） - Yahoo!ニュース,"東京証券取引所＝東京都中央区２８日の東京株式市場で、日経平均株価は反発して午前の取引を終えた。

前日に８００円超の大幅下げとなった反動で値ごろ感が出た銘柄や、為替が円安方向に振れたことで輸出関連株を中心に買われた。戻り売りに押され、一時伸び悩む場面もあったが、売り一巡後は再び買いが優勢となった。

日経平均株価の午前終値は前日終値に比べ５４９円７６銭高の２万６７２０円０６銭。東証株価指数（ＴＯＰＩＸ）は３４・７６ポイント高の１８７７・２０。"
16,午前の日経平均は大幅反発、過度な警戒和らぐ（ロイター） - Yahoo!ニュース,"２８日午前の東京株式市場で、日経平均は前営業日比５４９円７６銭高の２万６７２０円０６銭と大幅に反発した。写真は２０２０年１０月、東京証券取引所で撮影（２０２２年　ロイター/Kim Kyung-Hoon）［東京　２８日　ロイター］ - ２８日午前の東京株式市場で、日経平均は前営業日比５４９円７６銭高の２万６７２０円０６銭と大幅に反発した。前日までの大幅安を受け、自律反発を見込んだ買いが優勢となった。米金融政策の先行きに対する市場の懸念はくすぶるが、米アップルなどの好調な決算が伝わり、過度な警戒感はひとまず和らいだ。

日経平均は前日までの３日間に約１４００円下落しており、自律反発狙いの買いが先行して反発スタートとなった。戻り売りに押される場面もあったが、総じて高値圏での値動きが続いた。米アップルのほか、ビザの好決算も伝わり「東京市場でも安心感につながった」（国内証券）という。

米株先物が堅調に推移したことも、投資家心理を支援。トヨタ自動車＜7203.T＞やソニーグループ＜6758.T＞といった主力株をはじめ、幅広く買われた。東証１部の騰落数は、値上がりが１９３４銘柄（８８％）、値下がりが２０６銘柄（９％）、変わらずが３９銘柄（１％）だった。

日米で決算シーズンが始まっており、日本企業の決算について市場では「悪くない滑り出し」（りそなアセットマネジメントの戸田浩司ファンドマネージャー）との声が聞かれる。このところの日本株安は、米ハイテク株のバリュエーション調整に連れた側面があるとして「やり過ぎ感もあって買い戻しは当然だろう。ただ、２万７０００円辺りでもたつくようなら、波乱が続くことを印象づけかねない」（戸田氏）との見方が出ていた。

ＴＯＰＩＸは１．８９％高で午前の取引を終了。東証１部の売買代金は１兆７６１６億３６００万円だった。東証３３業種では、３２業種が上昇。値上がり率上位には、輸送用機器、化学工業、パルプ・紙、石油・石炭製品、機械などが並んだ。値下がりしたのは鉄鋼のみだった。

前日に好決算を発表した信越化学工業＜4063.T＞や富士電機＜6504.T＞、野村不動産ホールディングス＜3231.T＞などが大幅高となった。一方、半導体製造装置関連は、好決算を発表したアドバンテスト＜6857.T＞を除く銘柄のマイナスが目立った。米フィラデルフィア半導体指数（ＳＯＸ指数）が４％超安となったことが重しになったとみられる。

＊情報を更新しました。"
17,米アップル、最高益4兆円　10～12月期、売上高も更新（共同通信） - Yahoo!ニュース,"米ニューヨークのアップル店舗に掲げられたロゴ＝2020年（ロイター＝共同）　【ニューヨーク共同】米アップルが27日発表した2021年10～12月期決算は純利益が前年同期比20％増の346億3千万ドル（約4兆円）となり、四半期として過去最高を更新した。売上高も11％増の1239億4500万ドルで過去最高。新機種「13」シリーズを発売したiPhone（アイフォーン）の販売が好調で、高成長が続いた。

【写真】iPhoneの「13」シリーズの4機種　新型コロナウイルス禍による在宅勤務の拡大などが業績を後押しした。パソコン「マック」の販売も好調で、アプリ販売や音楽配信などのサービス部門も伸びた。

　アイフォーンの販売額は9％増の716億2800万ドル。"
18,ソフトバンクＧのクラウレＣＯＯが辞任へ、報酬巡り対立＝関係筋（ロイター） - Yahoo!ニュース,"ソフトバンクグループのマルセロ・クラウレ最高執行責任者（ＣＯＯ）が２７日にも辞任する方向で調整していることが分かった。２０２１年２月撮影（２０２２年　ロイター/Kim Kyung-Hoon）［２７日　ロイター］ - ソフトバンクグループのマルセロ・クラウレ最高執行責任者（ＣＯＯ）が辞任する方向で調整していることが、関係者の話で分かった。報酬を巡り創業者の孫正義社長と対立しているという。

２８日朝に東京で発表される見込み。

先に報じたＣＮＢＣによると、クラウレ氏は数カ月前から辞任交渉をしていた。また、クラウレ氏は近く自身の投資会社を立ち上げる可能性があるとした。

クラウレ氏の２０２０年の報酬は１７００万ドルだったが、関係者によるとクラウレ氏は長期にわたり数十億ドルの報酬を期待していたという。"
19,「値段下がってない」苦情にガソリンスタンド困惑　抑制策の効果は時差も（産経新聞） - Yahoo!ニュース,"高騰した価格を表示するガソリンスタンドの電光板　＝２７日午後、大阪市内（柿平博文撮影）原油価格の高騰を受けた、政府によるガソリン価格抑制策が２７日、始まった。補助金が支給されるのは石油元売り業者が対象。給油所の店頭価格に反映されるかは不透明で、値下げされる場合も時間差が出そうだ。早くから政府支援策の決定が伝えられたことで、店頭では利用者から「値段が下がっていない」などの苦情が寄せられ、困惑が広がる。

【グラフでみる】高騰するガソリン価格の推移

２４日時点のレギュラーガソリン１リットル当たりの全国平均小売価格が１７０円を超えたことで、政府による急騰抑制策発動が決定。ガソリン、灯油、軽油、重油を対象に２７日以降、いずれも１リットル当たり３円４０銭の補助金を元売り業者に支給する。

ただ、店頭価格は仕入れ値や在庫、人件費のほか、周辺他店の動向をにらみながら店ごとに決められる。輸送コストなど地域事情もあり、１７０円以上で販売を続けている場合もある。

大阪市の運営会社によると、店頭では顧客から値下がりしていないことに複数の問い合わせがあるという。ガソリンの仕入れ値自体も上がっているといい、「価格に反映するとしても来週以降だろう」と話している。

給油所などで組織する全国石油商業組合連合会は「制度はあくまで卸価格が上がらないようにするもの。各社が判断する店頭価格を値引きするものではない」と注意を呼びかける。業界では「苦情を受けるのは現場の店頭だ」という政府対応の複雑さを疑問視する意見もある。（岡本祐大）"
20,西武建設をミライトＨＤに６２０億円で売却へ…西武ＨＤ、財務状況改善のため（読売新聞オンライン） - Yahoo!ニュース,　西武ホールディングス（ＨＤ）は２７日、傘下の西武建設を３月末に通信工事大手ミライトＨＤに売却すると発表した。西武建設の株式の９５％を約６２０億円で譲渡する。　西武ＨＤは子会社の西武鉄道を通じ、残る５％分の株式は保有し続ける。売却により、２０２２年３月期連結決算に特別利益約３８０億円を計上する。売却された後も社名や従業員は当面維持される。　西武建設は駅舎や遊園地など西武グループ関連施設の建設や沿線の戸建て住宅を手掛けてきた。２１年３月期決算の売上高は６８６億円、最終利益は２４億円。西武ＨＤは昨年開業した「西武園ゆうえんち」など主な保有施設の改修を終え、建設事業を自前で保有し続ける意義が薄まったと判断した。ミライトＨＤは西武建設の工事ノウハウを取り入れ、太陽光発電所建設などの新規事業拡大を目指す。　西武ＨＤはコロナ禍が直撃した鉄道やレジャーが事業の中核で、２２年３月期連結決算は２期連続の最終赤字を見込む。自己資本比率は１７・４％（昨年９月末時点）まで低下した。苦しい事業環境が続いても経営を持続できるよう、資産売却を加速させており、傘下のプリンスホテルの一部土地・建物の売却交渉も進めている。
21,日産連合、EV開発に3兆円　30年までに35車種投入（共同通信） - Yahoo!ニュース,"三菱自動車、ルノーとの3社連合での電気自動車開発について、オンラインで記者会見する日産自動車の内田誠社長兼CEO＝27日午後　日産自動車と三菱自動車、フランス大手ルノーの3社連合は27日、電気自動車（EV）など電動車の開発に今後5年間で計230億ユーロ（約3兆円）を投資すると発表した。2030年までに新型EVを計35車種投入する。共通の車台を採用し、車載電池の共同調達などでコストを削減する。EV普及の課題となっている価格面で競争力を高める。日産が28年度までに実用化する次世代の「全固体電池」は3社で共同活用する。

米EVテスラ、純利益が7倍超　21年12月期決算　日産や三菱自はかつてEVの市販で先行したが、現在は他社が攻勢を強めている。3社の協力を強化して巻き返しを図る。EV専業大手の米テスラは販売を急拡大している。"
22,スバル、国内工場で操業を一時停止　部品調達に支障（ロイター） - Yahoo!ニュース,"ＳＵＢＡＲＵ（スバル）は２７日、取引先から調達している部品の供給に支障が出る見込みとなったことから、群馬製作所本工場など国内生産拠点の操業を一時停止すると発表した。（２０２２年　ロイター）［東京　２７日　ロイター］ -     ＳＵＢＡＲＵ（スバル）は２７日、取引先から調達している部品の供給に支障が出る見込みとなったことから、群馬製作所本工場など国内生産拠点の操業を一時停止すると発表した。

操業を停止するのは群馬製作所本工場、矢島工場（ともに完成車工場）と大泉工場（エンジン・トランスミッション工場）で、期間は１月２８日と１月３１日―２月２日、２月７―８日の予定。"
23,劇団四季公演準備中、転落事故でアルバイト大けが　運営法人と舞台監督書類送検（河北新報） - Yahoo!ニュース,"多賀城市文化センター　宮城県多賀城市で昨年６月にあった劇団四季の公演準備中に必要な安全対策をしていなかったとして、仙台労基署は２７日、労働安全衛生法違反の疑いで、運営法人「四季」（横浜市）と舞台監督の４０代男性（同）を書類送検した。

　送検容疑は昨年６月１５日、多賀城市民会館大ホールで、高さ２メートル以上の作業だったにもかかわらず、舞台セット上に手すりの設置など必要な落下防止措置を講じなかった疑い。同日午後３時５分、セット上で公演の準備をしていた宮城県加美町の４０代の男性スタッフが、約２・５メートル下に転落して頭を強く打つ大けがをした。

　公演は「劇団四季ザ・ブリッジ　歌の架け橋」。多賀城市民会館で同月１６、１７日にあった。劇団四季は「負傷者に心よりおわびする。書類送検を厳粛に受け止め、再発防止の徹底に全力で努める」との談話を出した。河北新報"
24,「デルモンテ」ケチャップなど値上げ　5月1日納品分から73品目（FNNプライムオンライン） - Yahoo!ニュース,"FNNプライムオンラインデルモンテのトマトケチャップも値上げする。

キッコーマンは、5月1日納品分からデルモンテブランドのトマトケチャップやトマトジュース、キッコーマンブランドのソースなど73品目を約3～10％値上げすると発表した。
「デルモンテ　トマトケチャップ」300gは、希望小売価格で税込245円が259円に、「デルモンテ　トマトジュース」900gは、税込373円が395円に、「キッコーマン　デリシャスソース　中濃」300mlは、税込253円が266円になる。原材料価格や物流費などが上昇していることが要因。
トマトケチャップをめぐってはカゴメも4月からの値上げを発表している。経済部"
25,ジブリパーク　11月1日開業へ　青春の丘エリアなど3エリアを先行開業（中京テレビＮＥＷＳ） - Yahoo!ニュース,"エラーコード：1001100ご利用の環境では映像を視聴できません。映像視聴における推奨環境はこちらをご確認ください。中京テレビNEWS愛知県が今年の秋の開業に向けて整備を進めている一大事業、ジブリパークについて、先行してオープンするエリアが、11月1日に開業する方針で決定したことが分かりました。

長久手市の愛・地球博記念公園で建設が進められているジブリパークについて、愛知県はこれまで今年秋から来年にかけて5つのエリアを開業すると発表していましたが、関係者によりますと、このうちの3つのエリアは、11月1日にオープンする方針で決定したということです。

開業するのは「青春の丘エリア」、「ジブリの大倉庫エリア」、「どんどこ森エリア」の3エリアで、現在、開業に向けて整備が進められています。

また来年には、「もののけの里エリア」と「魔女の谷エリア」がそれぞれ開業する予定です。

愛知県の大村知事は、27日午後1時半から会見を開き、開業日やパークの詳しい内容について正式に発表する予定です。"
26,【速報】日経平均終値2万6170円　一時900円以上値下がり　約1年2か月ぶりの安値（TBS系（JNN）） - Yahoo!ニュース,"日経平均終値2万6170円 一時900円以上値下がり 約1年2か月ぶりの安値東京株式市場でも大幅な値下がりとなり一時900円以上値下がりしました。

きょうの日経平均株価の終値はきのうの終値より841円3銭値下がりし、2万6170円30銭でした。

2020年11月以来およそ1年2か月ぶりの安値となりました。

アメリカFRBのパウエル議長が26日、会見の中で3月に利上げに踏み切ることについて発言したことや国債などの保有資産を圧縮していく考えを示したことで、前日のニューヨーク市場ではダウ平均株価が一時400ドル以上値下がりしました。

この流れを引き継ぎ、東京市場でも金融引き締めのペースが早まり、世界経済の先行きを懸念する売り注文が集まり、一時900円以上値下がりする場面もありました。

市場関係者は「市場は不透明感を嫌がるためFRBによる金融引き締めの詳細が判明してくるまで、変動幅が大きい状況が続くのではないか」としています。"
27,「うまい棒」42年の歴史で初の値上げ、4月1日から、やおきん「これからも皆様に喜んでいただける商品をお届けできるよう努めてまいります」（食品産業新聞社ニュースWEB） - Yahoo!ニュース,"やおきん「うまい棒サラミ味」やおきん(東京都墨田区)は1月27日、スナック菓子「うまい棒」の価格改定について発表した。

【画像を見る】やおきん公式Twitter投稿「いつもうまい棒を応援してくださっている皆様へ」4月1日出荷分から、従来価格10円(税別希望小売価格)の「うまい棒」全商品について各2円値上げし、新価格12円とする。
 
「うまい棒」は、中心に穴のあいた棒状のスナック菓子。初めての「うまい棒」は、1979年に「サラミ味」「ソース味」「カレー味」の3種類で誕生した。現在は発売当初からの定番フレーバー「サラミ味」に加え、「チーズ味」「とんかつソース味」「コーンポタージュ味」「テリヤキバーガー味」などの多彩なフレーバーが展開されている。パッケージに描かれている公式キャラクターは「うまえもん」。
 
やおきんでは、子どものお小遣いでも選ぶ楽しさを感じてもらえるよう、発売以来約42年にわたり1本10円という価格にこだわり、生産・物流・管理コスト等あらゆる点で、コストダウンの努力を続け、販売価格への転化を抑えてきたという。
 
しかし、昨今の主原料のコーンや植物油をはじめとした原材料全般の価格上昇に加え、包装資材・物流費・人件費等も大幅に上昇している状況があり、「自社内で許容できる範囲をはるかに超えてきている」ことから、今後も商品の継続・安定供給を図るために価格改定を実施する。
 
「うまい棒」の値上げについては公式発表に先駆け、流通業者向けの告知文書などに基づき、一部メディアで報道された。これを受け、やおきんは1月27日、Twitterの公式アカウント(@Umaemon_40th)に「いつもうまい棒を応援してくださっている皆様へ」と題し、投稿を行った。その内容は以下の通り。【以下、やおきん公式Twitter「いつもうまい棒を応援してくださっている皆様へ」全文】いつもうまい棒を応援していただきありがとうございます。
 
各メディアで報じられている通り、うまい棒は原材料、運送費などの高騰を受け、2022年4月1日より価格が10円から12円になります。
 
42年この値段を維持できたのはひとえに皆様の応援、製造、流通に関わる関係各位のご協力の賜物と、心より感謝しております。
 
また、弊社からのお知らせより先に情報が錯綜しお騒がせしてしまい申し訳ございませんでした。
 
これからも皆様に喜んでいただける商品をお届けできるよう努めてまいりますのでよろしくお願いいたします。
 
株式会社 やおきん一同食品産業新聞"
28,日経平均が一時900円安、ＦＲＢのタカ派傾斜を警戒（ロイター） - Yahoo!ニュース,"２７日の東京市場で、日経平均株価が一時、前日比９００円を超える下落となり、２万６０００円台前半まで水準を落としている。写真は都内で２０２０年１０月撮影（２０２２年　ロイター／Kim Kyung Hoon）［東京　２７日　ロイター］ -     ２７日の東京市場で、日経平均株価が一時、前日比９００円を超える下落となり、２万６０００円台前半まで水準を落としている。米連邦公開市場委員会（ＦＯＭＣ）後のパウエル連邦準備理事会（ＦＲＢ）議長の会見内容がタカ派的と受け止められ、ハイテク株などを中心に幅広い売りが出ている。

パウエル議長は、高インフレと低い失業率を挙げ、前回の利上げ局面が始まった２０１５年と経済状況は「大きく異なる」と指摘。労働市場の改善や景気回復を脅かすことなく「金利を引き上げる余地が十分にある」と当局者らは認識しているとした。

市場では「最近の株安に対する配慮が感じられなかった。いわゆるパウエル・プットはしばらく期待できない。利上げペースも当初は速い可能性があるとして、警戒感が強まっている」（国内銀行）との声が出ている。

ＳＭＢＣ日興証券の投資情報部部長、太田千尋氏は「朝方には買い戻しも入ったが、長続きしなかった。リスクオフとなっており、グロース株からバリュー株への資金シフトが続いている」と指摘。その上で「日本株はかなり調整してきており、下げピッチの速さからリバウンドのエネルギーがたまっている状態でもある。目先は２万６０００円台前半で、いったんアク抜けしてもおかしくない」との見方を示している。

米金利上昇に連動し円債金利も上昇。新発１０年国債利回り（長期金利）は同１．５ｂｐ上昇し０．１５０％と１４日以来の水準を付けた。ドル／円は米金利上昇を背景に一時１１４．７８円まで上昇したが、株安が進むとリスク回避の円買いが広がり、伸び悩んでいる。"
29,東証、午前終値2万6321円　大幅続落、1年2カ月ぶり安値（共同通信） - Yahoo!ニュース,"下げ幅が一時700円を超えた日経平均株価を示すモニター＝27日午前、東京・東新橋　27日午前の東京株式市場の日経平均株価（225種）は大幅続落した。下げ幅は一時700円を超え、取引時間中としては2020年11月以来、約1年2カ月ぶりの安値を付けた。米連邦準備制度理事会（FRB）による金融政策の正常化への警戒感から売り注文が優勢となった。

サムスン、21年売上高が最高　半導体3年ぶり世界首位に　午前終値は前日終値比690円00銭安の2万6321円33銭。東証株価指数（TOPIX）は37.47ポイント安の1854.38。

　前日のFRBのパウエル議長による会見は、金融引き締めに積極的な姿勢を示したと受け止められた。"
30,ガソリン高抑制策が始動　冷めた反応、混乱懸念も（時事通信） - Yahoo!ニュース,"レギュラーガソリン１リットル当たり１７７円を示す看板＝２７日午前、東京都内　政府が導入したガソリンなど燃料の高騰緩和策が27日から始まった。

　ガソリン、軽油、灯油、重油について補助金を石油元売り会社などに支給することで、給油所への卸価格上昇を抑制する。ただ、店頭価格は在庫状況などから給油所ごとに異なり、値下がりにつながると誤解した消費者との間での混乱を懸念する声が多い。制度の効果についても冷めた見方が広がっている。

【図解】政府のガソリン高騰対策のイメージ

　この制度は、レギュラーガソリン1リットル当たりの全国平均価格が170円以上で発動。最初の1週間分は、直近の全国平均価格170円20銭と基準額170円の差額20銭に、原油調達コストの上昇分3円20銭を合計した3円40銭を補助する。元売り各社は、27日から卸価格を前週比2円50銭引き上げるところ、補助金分を差し引き90銭引き下げて供給する。

　制度が始まった27日朝、東京都内の給油所の50代の男性店長は「原油や仕入れの説明は難しい。今週は店頭価格が5円、または3円40銭安くなると勘違いする人が多いのでは」と冷めた様子で話した。

　大分県の給油所経営者の男性も「報道などで店頭価格が下がるイメージが広がっている」と、理解が進んでいない状況を指摘。その上で「現場が混乱するだけで給油所にとっては愚策だ」と切り捨てた。　"
31,『サラリーマン川柳』優秀100選が決定　リモートワークならではの“あるある”　流行語とかけた一句など（オリコン） - Yahoo!ニュース,"第35回『第一生命サラリーマン川柳コンクール』の全国優秀100句が決定　第一生命保険は、2021年9月から10月にかけて『第35回第一生命サラリーマン川柳コンクール』（サラ川）を実施。リモートワークならではのあるあるや、流行語とかけた一句など、世相を巧みに表現した作品が数多く寄せられ、応募総数6万2657句の中から全国優秀100句が決定した。

【画像一覧】“あるある”や流行語とかけた一句も…優秀100句

　新型コロナウイルスの影響を受けて導入企業が増加したテレワークだが、新しい働き方として継続中の企業も多い。昨年に引き続き、サラ川優秀100句にもテレワークをテーマに詠んだ作品が多数入選した。会議にペットが映り込んでしまった様子を詠んだ作品や、通勤の手軽さを巧みに表現した川柳のほか、リモート会議でのちょっとした照れくさい体験など、秀逸な一句が寄せられた。前回は慣れないテレワークへの戸惑いを詠んだ作品が多かった印象だが、今回はほっこりとした出来事や前向きな川柳が多かった。

　健康をテーマに詠んだ作品は、もはやサラ川ではお馴じみのお題に。今回も外出自粛による自身の運動不足を省みる作品が優秀100句に選ばれた。一方で飲食店のアルコール提供の制限、職場の飲み会自粛の結果、「肝機能がV字回復した」といった句も寄せられ、自粛生活のおかげで、むしろ健康になった人もいたようだ。

　さらに、新型コロナウイルスが未だ猛威を振るう中、ついに日本でもワクチン接種が開始。接種開始初期には“副反応”が注目の的になり、優秀100句にもワクチン接種と絡めた作品が多数入選。「副反応はもうこりごり」とそのつらさを嘆く作品がある中、「副反応で、若さ自慢」といった川柳もあった。

　そのほか、昨年流行語大賞トップ10にも選出された「うっせぇわ」。世間に強いインパクトを残した、このキラーワードを盛り込んだ作品がサラ川優秀100句にもランクイン。上司や家族に感じたモヤモヤを直接相手に伝えられずに、心の中で「うっせぇわ」と叫ぶことで吹き飛ばしている様子を詠んだ作品が多くの人の共感を呼んだようだ。

　なお、きょう27日より、全国優秀100句の中から第35回サラリーマン川柳コンクールベスト10を決める投票を実施する（3月18日 投票締切）。ベスト10は、2022年5月下旬に発表する。

■第35回サラ川優秀100句は以下のとおり
作品（雅号）

『ズーム中 ペット参加で 盛り上がる』（犬家猫）
『オンライン 不利になるたび オフライン』（いくじなし）
『会議中 宅配無視して 妻怒る』（猫兵）
『デジタル化 しますと紙で 通知する』（IoT推進部）
『滑舌の 悪さをSiriで 思い知る』（たまさん）
『いつまでも 続く黙食 我が家だけ』（ミツナシ）
『つなぎたい 親は絆で 子はwi-Fi』（遅れてきた猫☆）
『このスーツ 出社するとき 入るかな』（コロナ太り）
『ウイルスも 上司の指示も 変異する』（K・U）
『テレワーク たまの出勤 旅支度』（84男）
『あいさつは もう打ちました？ 熱は出た？』（39℃超え若ぶりおじさん）
『にこやかに マスクの下で 「うっせぇわ！」』（ヨッシー）
『一人だけ 背景宇宙な 一年目』（けんちゃん）
『家飲みで あふれる缶に 妻カンカン』（あらカンカン）
『ゴン攻めで ビッタビッタの 初駐車』（くまごろう）
『距離を取り 小顔に見せる WEB会議』（しーしー）
『マスクとる 緊急事態 ノーメイク』（ちろすけ）
『フリーズの 部下の隣で はしゃぐ猫』（大根役者）
『自粛して 家での晩酌 皆勤賞』（たかちほ）
『娘とは アクリル板より 厚い壁』（ちく）
『誰だっけ？ 職場で頼りは 座席表』（コロナ渦下）
『初出社 入社二年で 初対面』（永利庵）
『良い意見 したあと言われる 「ミュートです」』（ぴろし）
『何処に居る？ みんなマスクの 運動会』（ペンさん）
『在宅で 仕事辞めたの お父さん』（詠み人知らず）
『二刀流 やり抜く妻は MVP』（妻感謝）
『医者に行く 換気良すぎて 風邪を引く』（宇治十帖）
『ふところが 寒いもともと キャッシュレス』（船橋ブンさん）
『長時間 マスクと説教 耳痛し』（酔っぱらい）
『バスケ・父 勝敗わけた リバウンド』（祝女子バスケ銀）
『エコバック 毎度忘れて 小銭ロス』（よしにゃん）
『在宅で いつしか妻が 管理職』（抹茶坊主）
『「ただいま」と 声を聞くなり 妻マスク』（ぱいきんまん）
『リモートの 会議に映る 生活感』（はまころ）
『夫婦して 子供机で テレワーク』（吉 哉郎）
『スクスクと 育つ孫見る スマホ越し』（遠方のジイ）
『在宅で トイレも含めて 55歩』（けとん）
『指よりも 喉に浴びたい アルコール』（昭和生まれの令和人）
『誤って 上司のコメント ハート押す』（テレワクワク）
『おやじギャグ 父で抗体 作っとく』（つべる）
『「母さん」で バレたオレオレ うちは「ママ」』（桂）
『蟹食えば みんな自然と 黙食に』（禁煙1日目）
『お年玉 チャージ希望と 孫ライン』（何のことやら）
『シェアオフィス マジか！部長と 二人きり』（ユタカ49号）
『巣ごもりで MからLに 服反応』（ダイエット）
『コロナ禍で 初めて食べる 父ごはん』（嘱託人）
『アナログ派 財布の厚みで すぐバレる』（ポンレスハム）
『味よりも カロリーよりも 映え重視』（お年頃の娘を持つ親）
『「シュウカツ」や 君はスタート 俺ゴール』（一枚岩）
『あっ、マスク! 降りた階段 また登り』（花園の迷宮）
『プレゼンも 無観客なら 饒舌に』（勤務ダル）
『リモートの 背景だけで 行くハワイ』（巣ごもり親父）
『誘い断つ 理由に困る コロナ明け』（波乗り介）
『テレワーク 解除で妻が 福反応』（風信子）
『スケボーを する子見る目が 変わる夏』（二代目ヒゲだるま）
『ウーバーで 今日もカロリー オーバーに』（エミテンわ）
『やっぱりね 亭主出勤 留守がいい』（妻の本音）
『PayPayで！「使えるんだ？」と我が娘』（一生妻の副官）
『ひとり飯 時代が俺に 追いついた』（竜人）
『お肌より 副反応で 若さ自慢』（おおやん）
『自粛中 まだ見ぬ孫が もう歩く』（初爺ちゃん）
『久しぶり 妻とお出かけ 接種場』（さごじょう）
『SDGs 掲げた我が社 持続せず』（千流迷塵）
『マスク顔 確信持てず 見つめ合う』（福笑い）
『検温で 測れぬ妻の 冷たさよ』（たじろいだ端末）
『デジタル化 立場逆転 父娘』（寅命）
『zoom飲み 呼ばれないまま ブーム去り』（うなじゅう）
『テレワーク めざまし時計 八時半』（ばんこ）
『なかぬなら 膝に猫乗せ ウェブ会議』（リモート人）
『「おかえりー!」と 駆け寄る片手に 除菌剤』（娘がいちばん!）
『ミュートです ツッコむ自分 マイクオフ』（ニーマン）
『打ちました！ワクチン？いいえ 大谷さん』（リモートも下座）
『“聞こえてる？”“聞こえてません”と なぜ言えた？』（紅の星）
『「久しぶり!」なんか違和感 マスクなし』（虎の子）
『一日中 チャットでやりとり 会話ゼロ』（けぇずこ）
『はしご酒 リモート部屋から リビングへ』（ハルル）
『ネコの手が デリート押して ファイル消え』（にゃん）
『乾杯で マスク取ったら どちら様』（ロバの耳）
『コロナ禍で V字回復 肝機能』（γ-GTP改善男）
『通勤は 襖一枚 約二秒』（天和）
『宣言が 明けたら行こうが 逃げ文句』（佐久間の大工）
『飼い犬が 部長にシャウト Web会議』（うーるちゃん）
『うっせぇわ それは歌なの？ 僕になの？』（Aho）
『WEB会議 知った亭主の 低い地位』（石笑）
『恋心 マスク外せば 花と散る』（ちゃかしっこ）
『最後まで 顔を会わさず 送別会』（3年目のリモート社員）
『セルフレジ 店員呼んで ヘルプレジ』（つじGUCCI）
『「パパいるの!」 在宅続き 「またいるの?」』（りんもり）
『8時だよ!! 昔は集合 今閉店』（山のパン屋）
『ソロキャンプ 密避け・熊避け 家内避け』（ペイライナー917）
『ワクチンの 副反応よ もうデルナ』（青き民）
『うっせえわ 夢の中だけ 妻に言う』（島根のぽん太）
『オリパラで 始めた運動秋終わる』（多苦労）
『女房も 子供も見てる 照れワーク』（トショボク）
『アイドル級 予約が取れない 接種券』（たまらんや）
『リモートじゃ ないのにフリーズ 妻の前』（ボンプ屋のポン）
『キャンプより ソロ味わえる ウチの中』（だいちゃんZ！）
『ご飯よと リモート会議 声響く』（ニャイガーマスク）
『円満の 秘訣は出社と 気付かされ』（るいか）
『マリトッツォ 部長に見せると「クリームパン」』（それはそう）"
32,米EVテスラ、純利益が7倍超　販売好調、供給網の混乱しのぐ（共同通信） - Yahoo!ニュース,"米電気自動車（EV）テスラのロゴ＝2021年1月、北京（ロイター＝共同）　【ニューヨーク共同】米電気自動車（EV）大手テスラが26日発表した2021年12月期決算は、純利益が前期の約7.7倍となる55億1900万ドル（約6300億円）だった。世界的な環境規制強化を背景にEVの販売が好調だった。供給網の混乱による半導体不足も代替品を確保してしのいだ。

【写真】米誌タイムの表紙になったテスラCEO、イーロン・マスク氏　初の年間黒字を達成した20年から大幅な成長を遂げ、テスラは声明で「もはやEVの可能性や収益性を疑う余地はないはずだ」と強調した。

　世界販売は87.3％増の93万6222台。量販車「モデル3」がけん引役となった。主要自動車メーカーの仲間入りの目安とされる100万台に近づいた。"
33,ローソンが宅配専門「ゴーストレストラン」市場に参入（TBS系（JNN）） - Yahoo!ニュース,"（写真：TBS系（JNN）大手コンビニのローソンが「ゴーストレストラン」と呼ばれる宅配向けの調理事業に参入します。

ローソンは、ウーバーイーツなどの宅配代行サービスで注文された中華料理などの商品をコンビニ内の厨房で調理して宅配するサービスを始めます。「ローソン」として販売するのではなく、あくまで店内の厨房を調理拠点として活用するもので、実店舗を持たない宅配専門のいわゆる「ゴーストレストラン」としての新しい事業です。
 
今年８月末までに有名外食チェーンとのコラボも含め２０ブランドを立ち上げ、立地や客層などにあわせて１店舗あたり３～５ブランドを展開する方針です。まずは３月までに都内の５店舗で実験を始め、２０２５年度には１０００店舗に拡大するとしています。
 
「ゴーストレストラン」事業はコロナ禍で急増していて、デニーズなど大手外食チェーンも参入しています。ローソンは、急成長している市場への参入で店頭以外の新たな販路拡大に繋げたい考えです。
 
コンビニ業界ではセブン－イレブンがネット宅配事業に参入したほか、ファミリーマートがメディア事業を立ち上げるなど、国内コンビニ市場が頭打ちとなる中、各社で新規事業への参入が進んでいます。（26日22:01）"
34,「東急ハンズ」はなぜ追い詰められたのか　コロナ前からの“伏線”と、渋谷文化の衰退（ITmedia ビジネスオンライン） - Yahoo!ニュース,"東急ハンズ渋谷店　昨年12月22日、東急ハンズがカインズに買収されることが発表され、波紋を呼んでいる。

【画像】東急ハンズを追い詰めた店など（全15枚）

　都心部・駅前立地の東急ハンズは、コロナ禍による外出の自粛で大きな影響を受け、2021年3月期の売り上げが632億円（前年同期比65％）と、前年のほぼ3分の2の規模へと大きく落ち込んでいた。また、営業損失は44億円の赤字に転落した。

　22年3月期も、第2四半期までの売り上げが273億円となっていて、前年同期の291億円から18億円減少していた。営業損失は24億円で、前年同期より赤字が2億円増えていた。そのため、2期連続の期末赤字が濃厚であった。

　コロナ禍が終息しても、密を避けるライフスタイルへの変化により、都心部の店舗がコロナ前の売り上げにまで戻るかどうかは不透明だ。

　一方のカインズは、ホームセンター業界最大手。21年2月期の売り上げは過去最高の4854億円だった。前年比110％であり、好調に推移している。

　カインズは群馬県前橋市を拠点とするベイシアグループの中核企業だ。カインズに限らずベイシアグループはこれまでM＆Aを活用せず、自力で成長するポリシーを貫いてきた。それにもかかわらず、異例の大型買収に踏み切った。

　ベイシアグループは、ベイシア、ワークマンなども含めて、グループ年商が1兆円を超える。

　日本の小売業ではトップ10に入る規模だ。8兆円を超えるイオン、5兆円を超えるセブン＆アイ・ホールディングスには遠く及ばないものの、三越伊勢丹ホールディングスの約8000億円よりも大きい。その巨大流通グループがいよいよM＆Aを本格化させるとなると、小売業の地図が一変する起爆力を持つ。

　東急ハンズは、東急不動産ホールディングス（HD）の傘下にある。傘下にある他の有力企業は、東急不動産や東急リバブルなど、ほぼ不動産業の範囲内だ。一方、東急ハンズは小売業で、性格を異にしている。東急不動産HD内の事業別売上高は6.8％で、都市再開発などを行う都市事業32.7％、住宅事業15.7％、マンションなどの管理事業19.8％と比べても、グループ内シェアが低かった。

　同じ東急グループに属していても、東急百貨店、東急ストアは、東急電鉄と同じく東急の100％子会社で系統が違っていた。東急ハンズのグループ内の微妙な位置付けが、M＆Aにつながった面もあった。

　カインズでは、「東急ハンズをカインズにはしないが、店名は変更する」と明言しており、これまで見知ってきた東急ハンズの歴史は遠からず終わりを迎える。

　東急ハンズのファンにとってはどうか。たとえ中身が大きく変わらなくても、別の店名に看板が書き換えられた“元東急ハンズ”になっては、寂寥（せきりょう）感を禁じ得ないだろう。

　なぜ、東急ハンズは売却されることになったのか。"
35,国内初「ペットと一緒に旅客機内へ搭乗」サービス スターフライヤーが開始へ その内容は？（乗りものニュース） - Yahoo!ニュース,"1日4便限定スターフライヤーの旅客機（乗りものニュース編集部撮影）。　北九州を拠点とする航空会社、スターフライヤーは2022年1月26日、国内定期便において日本初となる機内ペット同伴サービス、「FLY WITH PET!」を開始すると発表しました。

【写真レポ】スターフライヤー「ペットが機内にいる便」に実際に乗ってみた（14枚）

　サービス開始は2022年3月27日からで、料金は1匹あたり5万円。対象便は羽田～北九州間の1日計4便（77便、89便、78便、90便）です。指定のサイズのペットケージ(50cmx40cmx40cm)に入る小型の犬及び猫を対象とし、各便1匹まで持ち込みできます。座席は、当該便の最後列27列目を使用。窓側座席にペットケージを設置し、飼い主である旅客は隣の席に座ります。

　スターフライヤーではペットと一緒に飛行機内で旅行できるサービス導入を目指し、2021年より検証フライトを重ねてきました。同社は「これまでの検証結果を踏まえ、獣医師や医師の指導のもと、研究結果等の知見を活用した徹底したアレルギー対策を実施し、すべてにお客様が安心、安全な飛行機の移動をお楽しみいただけるよう、サービスの拡大に取り組んでまいります」としています。乗りものニュース編集部"
36,原材料費など仕入単価、企業の64.2％で前年同月と比べ上昇。半数は価格転嫁できず（帝国データバンク） - Yahoo!ニュース,"海上運賃も高騰が続く新型コロナウイルスの感染拡大により海上運賃や、木材や金属などの原材料価格が高騰しています。また、レギュラーガソリンの全国平均価格（1リットルあたり）が13年ぶりに170円を超え、政府はガソリン価格の高騰を抑制すべく、石油元売りに対し補助制度を発動することを決定しました。そうしたなか、今後も原材料価格の上昇による企業への影響が懸念されます。

そこで帝国データバンクは企業の価格転嫁の動向について調査を実施しました。企業の64.2％で前年同月と比べ仕入単価が上昇、リーマン・ショック以来の水準に仕入単価が上昇した企業の割合（対前年同月）仕入単価が前年同月と比べて上昇した企業は64.2％と、リーマン・ショックがあった2008年9月（65.5％）以来となる水準まで上昇しました。

業種別では、鉄鋼や石油卸売が含まれる「鉄鋼・非鉄・鉱業製品卸売」の92.7％で仕入単価が上昇。さらに、「化学品製造」（83.3％）や「飲食店」（83.1％）、「機械製造」（82.0％）、「電気機械製造」（81.4％）、「建材・家具、窯業・土石製品製造」（80.3％）といった業種でも、8割超の企業で仕入単価が上昇しています。仕入単価が上昇した企業の54.2％で、販売単価への価格転嫁ができていない仕入単価が上昇した企業の販売単価仕入単価が上昇した企業のうち、販売単価も上昇したとする企業は43.8％となりました。一方で、販売単価が変わらない（47.9％）、低下した（6.3％）とする企業は合わせて54.2％となり、半数を超える企業では価格転嫁できていない状況にあります。

業種別にみると「鉄鋼・非鉄・鉱業製品卸売」では87.2％で販売単価も上昇。また、「建材・家具、窯業・土石製品製造」（52.7％）や「化学品製造」（51.1％）も半数を上回りました。

「品薄な商品の値上げが浸透してきている」（鉄鋼卸売）、「ウッドショックと称される原木価格の高騰によるコスト増は否めない。しかし、製品の引合いは好調で、製品単価の引き上げにより収益は確保できている」（合板製造）、「原材料価格の上昇は痛手も、これを理由とした製品価格の値上げが比較的受け入れられている。また需要も堅調に推移し、顧客の買い控えなどは起きていない」（石油化学系基礎製品製造）といった声があげられています。

一方、「飲食店」（28.6％）や「飲食料品・飼料製造」（31.8％）などの飲食料品関連では、販売単価が上昇した割合は3割程度にとどまっています。「原材料、部品価格の高騰や入手困難な状況で先行きが読めない」（電気計測器製造）、「原材料の価格高騰で採算が厳しい状態。価格改定が成功するかが問題」（水産練製品製造）、「ウッドショックによる原材料の価格高騰で、顧客の動きに少し鈍りがみえる」（木造建築工事）などの声もみられます。"
37,ヤマダ提携情報でインサイダー疑い、住宅設備元社長ら逮捕（産経新聞） - Yahoo!ニュース,"アサヒ衛陶元社長の町元孝二容疑者家電量販最大手「ヤマダデンキ」（群馬県高崎市）と、東証２部上場の住宅設備メーカー「アサヒ衛陶（えいとう）」（大阪市）との業務提携に関する未公表情報をもとに株取引をしたとして、大阪地検特捜部は２６日、金融商品取引法違反（インサイダー取引）の疑いで、アサヒ衛陶元社長の町元孝二容疑者（６１）と、京都市下京区の会社経営、上中康司容疑者（５９）を逮捕した。特捜部は２人の認否を明らかにしていない。

【写真】アサヒ衛陶の本社が入るビル

アサヒ衛陶はトイレの便器や洗面化粧台などの製造会社で、平成２９年１１月８日に、ヤマダデンキとの業務提携を公表した。

逮捕容疑は共謀し、両社の業務提携が公表前だった２９年８月９日～２１日、インサイダー情報をもとにアサヒ衛陶株計５万株を計約５８１万円で買い付けたとしている。また、上中容疑者は、町元容疑者からインサイダー情報の漏洩(ろうえい)を受け、同年８月４日～１１月７日、自らが経営する会社名義などで、同様に計６５万株を計約８６８８万円で買い付けたとしている。株価変動に乗じた売買で利益を得る目的だったとみられる。

アサヒ衛陶株の１株当たりの価格（調整値）は、提携公表前の２９年１１月２日時点で１４６０円だったが、公表後の３０年１月５日には３３１０円に上昇した。

逮捕前の今月２０日、産経新聞は町元容疑者に取材を申し込んだが「何も話すことはない」とだけ答えた。

ホームページによると、アサヒ衛陶は昭和２５年に大阪市住吉区で「丹司製陶」として設立し、３９年に現在の社名に変更。４２年に大阪証券取引所２部へ上場し、平成２５年の現物株式の市場統合で東京証券取引所２部に上場した。"
38,東証続落、昨年来安値を更新　米金融引き締めに警戒感（共同通信） - Yahoo!ニュース,"　26日の東京株式市場の日経平均株価（225種）は続落し、昨年来安値を更新した。米連邦準備制度理事会（FRB）の金融引き締め策に対する警戒感から半導体などハイテク関連銘柄に売り注文が目立った一方、値ごろ感のある銘柄を買い戻す動きもあった。

　終値は前日比120円01銭安の2万7011円33銭。東証株価指数（TOPIX）は4.77ポイント安の1891.85。出来高は約10億3347万株だった。"
39,【速報】ガソリン価格　1リットル170.2円　約13年ぶり高値水準　異例の抑制策も効果は不透明（TBS系（JNN）） - Yahoo!ニュース,"ガソリン価格　1リットル170円20銭（全国平均）資源エネルギー庁がきょう発表した24日時点のレギュラーガソリンの小売価格（全国平均）は先週に比べて1円80銭高い、1リットルあたり170円20銭でした。値上がりするのは3週連続で、170円台をつけるのは13年4カ月ぶりです。

都道府県別では山形や京都、長崎など20の都府県で170円を超えました。最も高かったのは長野県で、1リットルあたり177円90銭でした。

オミクロン株の影響が限定的との見方から経済再開への期待が高まり、原油先物の価格が上昇しているほか、ウクライナをめぐるロシアと欧米の対立が続いているため産油国であるロシアからの供給に混乱が生じるとの懸念が高まっていることなどが要因です。

こうした高値を受け、政府はきのう、1リットルあたり5円を上限に石油元売り会社に補助金を出す異例の抑制策を初めて発動すると発表しました。ガソリンのほか、軽油や灯油、重油も対象で、27日以降に適用されます。

ただ、店頭価格は給油所が在庫などを踏まえて決めるため値下げに繋がるかは不透明で、政府は卸値の引き下げ分が店頭価格に反映されているか各地のガソリンスタンドや販売店を調査する予定です。"
40,ソーセージの“巾着型袋廃止”へ　プラ削減へ業界で取り組み（フジテレビ系（FNN）） - Yahoo!ニュース,"エラーコード：1001100ご利用の環境では映像を視聴できません。映像視聴における推奨環境はこちらをご確認ください。FNNプライムオンラインプラスチック削減のため、ウインナーソーセージのパッケージとして広く使われる巾着型の袋を、業界全体で切り替える方針。

売り場で目立ち、手に取りやすいことなどから使われる巾着型の袋だが、ハムやソーセージメーカーなどで作る、「日本ハム・ソーセージ工業協同組合」は、プラスチック削減のため、業界全体で巾着型の袋をやめる方向で検討を進め、2022年度の早い時期までに、すべての包装の切り替えを目指す。

巾着型の上の部分をなくすことで、30％近くのプラスチックを削減できるという。

巾着型の袋をめぐっては、日本ハムが主力のソーセージ「シャウエッセン」の包装を、長方形の袋に2月から順次切り替えるほか、伊藤ハムやプリマハムでも変更を検討している。"
41,突然知った製油所閉鎖「気持ちの整理が…」　エネオス発表に困惑の声（朝日新聞デジタル） - Yahoo!ニュース,"ENEOSホールディングスの和歌山製油所=2022年1月25日、和歌山県有田市初島町浜、西岡矩毅撮影　石油元売り最大手ENEOSホールディングスは25日、石油製品の需要減から、和歌山県有田市初島町浜にある和歌山製油所を2023年10月をめどに閉鎖することを発表した。一時は有田市の財政を支えていただけに、関係者からは困惑の声が上がった。

【画像】閉鎖が発表されたENEOSホールディングスの和歌山製油所

　同社によると、和歌山製油所は1941年に前身の一つ「東亜燃料工業和歌山工場（東燃）」として操業を開始した。敷地面積は248万平方メートルで、原油の処理能力は1日12万7500バレルという。

　製油所の従業員約450人については、配置転換などで雇用を継続するとした。ただ、計約900人を雇用する協力34社への対応については、「分からない」と話した。関連企業の関係者は「突然の知らせで、今後の（生活の）見通しが立たない。まだ（気持ちの）整理がつかない」と戸惑いを隠さなかった。

　有田市によると、東燃は86年度に25億円の法人市民税を納めていた。2020、21年度は300万円だったという。望月良男・同市長は「市内最大企業として長きにわたり、雇用、市財政、協力企業育成、産業振興など有田市の発展に寄与し、地域と共存していただいた和歌山製油所の今回の発表は残念でなりません」とコメントを出した。

　また、仁坂吉伸知事は26日に製油所の存続を求めて東京のENEOSホールディングス本社を訪ねるという。（西岡矩毅）朝日新聞社"
42,連合と経団連が労使トップ会談　春闘スタート　賃上げの重要性は一致（毎日新聞） - Yahoo!ニュース,"経団連と連合の懇談会であいさつする連合の芳野友子会長＝東京都千代田区で2022年1月26日（代表撮影）　連合の芳野友子会長と経団連の十倉雅和会長の労使トップが26日、東京都内で会談し、2022年春闘がスタートした。十倉会長は「労使による真摯（しんし）な議論の結果として、賃金引き上げのモメンタム（勢い）が維持されることを期待する」と発言。芳野会長も「月例賃金（のアップ）にこだわり、格差是正を図る必要がある」と強調し、賃上げの重要性では一致した。

　22年春闘は、新型コロナウイルス禍により景気が悪化した21年に比べて業績が回復した企業が増えたほか、「分配」を重視する岸田文雄政権の発足や物価上昇を背景に賃上げムードが高まっている。

　連合は今春闘で、基本給を底上げするベースアップ（ベア）の要求を2％程度とし、定期昇給分を合わせて4％程度の賃上げを求める。経団連も業績が回復した企業には積極的な賃上げを呼びかけているが、コロナ禍の影響が長引く企業もあり、「一律」での対応には否定的だ。

　春闘は今後、産業別や個別企業の労使交渉が本格化し、3月中旬に集中回答日を迎える。【山口敦雄】"
43,ユナイテッドアローズの駅ナカストアが全店舗閉店　今月末で営業終了（FASHIONSNAP.COM） - Yahoo!ニュース,"1号店である表参道店、オープン時 image by: FASHIONSNAP　ユナイテッドアローズが展開する駅ナカ事業「ザ ステーション ストア ユナイテッドアローズ（THE STATION STORE UNITED ARROWS LTD.）」が、今月末に全店舗閉店する。天神地下街店、大手町店、アトレ川崎は既に営業を終了しており、エチカ表参道、エチカフィット東京店、エチカフィット銀座店、エキュート品川店の4店舗は、1月30日に最終営業日を迎える。

大型路面店も相次いで閉店　ザ ステーション ストア ユナイテッドアローズは、2011年に東京メトロ表参道駅の商業施設「エチカ表参道」に1号店をオープン。2012年には大阪梅田駅直結の「阪急三番街」に出店し関西地区への進出を図るなど、駅を利用する大人の都市生活者に向けて自社ブランドのセレクトアイテムやオリジナル企画アイテムを提供している。

　ユナイテッドアローズは、2021年に「ユナイテッドアローズ 銀座店」や「ユナイテッドアローズ 青山 ウィメンズストア」などの大型路面店を閉店。今年に入ってからも、国内唯一の単独店「イウエン マトフ横浜店」と「モンキータイム ビューティ&ユース ユナイテッドアローズ 新宿店」の閉鎖を決めた。"
44,閉店ラッシュの池袋でコメダ珈琲店が新規に2店、都市部も強化（日経クロストレンド） - Yahoo!ニュース,"2021年、池袋に新たに2店舗をオープンしたコメダ珈琲店（写真は南池袋グリーン大通り店、記者撮影）　東急ハンズ、マルイ、セガ池袋GiGO――街の顔でもあった大型施設が相次いで閉店した池袋。その他にも多くの店舗が閉店した池袋の街を歩くと、早々に別店舗が入って営業しているケースも目に留まる。注目はコメダ珈琲店。もともと2店舗あった池袋で2021年、さらに2店舗を新規出店していた。 

【表】カフェチェーン顧客満足度ランキング（2021年）

　1977年オープンの池袋マルイが2021年8月29日に、1984年オープンの東急ハンズ池袋店が2021年10月31日に、ハンズの斜め向かいにあった1993年オープンのアミューズメント施設「セガ池袋GiGO」が2021年9月20日に閉店と、街の顔でもあった大型店の閉店ラッシュが続いた東京・池袋。この他にも、20年の年明けから続く新型コロナウイルス禍で閉店した店舗は数多い。そこで記者は、閉店した店舗跡地の新店舗入居状況を、街歩きがてらリサーチしてみた。

　まず冒頭のマルイ、ハンズ、セガの3店の建物は、いずれも仮囲いが設置されていて、マルイとセガは工事が始まっている。跡地についての具体的な発表はまだない。

　セガ池袋GiGO閉店のニュースが流れた際には、多くのゲーマーから悲しみのツイートが投稿されたが、池袋がサブカルの聖地から後退するかというと、その心配はなさそうだ。セガ池袋GiGOが閉店して1カ月後の21年10月22日、真向かいのビルに「セガ池袋」がオープンした。運営元のGENDA SEGA Entertainment（東京・大田）は、この新店舗を「池袋プロジェクト第1弾」とうたっているため、第2弾も今後期待できそうだ。

　ハンズ真向かいのビルに入っていたアミューズメント施設「シルクハット池袋」が21年1月に閉店した際も、3カ月後にはアミューズメント施設「東京レジャーランド池袋店」がオープンした。セガ池袋に隣接する映画館「ヒューマックスパビリオン池袋サンシャイン60通り」の1階と地下1階には、19年暮れに「namco池袋店」がオープンしている。さらに、旧豊島区役所があったハレザ池袋エリアでは、「アニメイト池袋本店」隣の池袋保健所ビルを建て替えてアニメイトを増床する工事が進行中で、23年春にオープン予定だ。

●閉店した松屋3店舗はすぐに埋まった

　池袋で閉店した店舗というと、牛めし・カレー・定食の「松屋」を思い浮かべる人もいるだろう。20年12月30日に池袋西口店、池袋サンシャイン通り店、東池袋店の3店が同時閉店したことはWebニュースにもなって驚きが広がった。

　この3店舗跡はいずれも21年中に別テナントが入っている。池袋西口店跡にはブランド品買い取り専門店「ブランディア池袋西口駅前店」（2階にはシーシャ店）、池袋サンシャイン通り店跡には海鮮ひつまぶしや天丼を提供する「羽田市場食堂 池袋サンシャイン60通り店」、東池袋店跡にはジュエリー販売店「K.UNO（ケイウノ）池袋店」が営業中だ。

　なお、明治通りを挟んで松屋東池袋店の向かいにあった吉野家池袋東口店は20年9月に閉店後、漢方薬局「誠心堂薬局池袋店」が21年1月にオープンしている。池袋の牛丼チェーンは、飲み会の後にふらっと立ち寄る客が多かったことから閉店の対象になったが、立地のよさと店舗サイズの手ごろ感から、すぐに後釜が決まった格好だ。

　池袋マルイがあった西口側では、マルイの向かいに立つ池袋西口センタービル3・4階に入っていた1965年開業の老舗台湾中華料理店「東明飯店」が、2020年9月に閉店。企業や団体の懇親会でよく利用されていた会場だったが、コロナ禍が宴会需要を直撃した。その跡には「カラオケまねきねこ池袋西口店」が入居している。"
45,トヨタ、来年度1100万台の生産を計画　半導体不足解消が前提＝関係筋（ロイター） - Yahoo!ニュース,"　１月２５日、トヨタ自動車が２０２２年度に世界で約１１００万台の生産を計画していることが、分かった。写真は２０１５年１１月、都内で撮影（２０２２年　ロイター/Issei Kato）［東京　２５日　ロイター］ - トヨタ自動車が２０２２年度に世界で約１１００万台の生産を計画していることが２５日、分かった。半導体不足の解消と新型コロナウイルスの収束が前提となる。主要な部品仕入先に通達した。事情を知る関係者が明らかにした。

半導体不足やコロナ感染拡大の影響により、２１年度の世界生産は計画の約９００万台を下回る公算が高いが、９００万台に対して２２年度の計画は約２割増となる。計画通り１１００万台を実現できれば、１６年度の約１０４０万台を上回り、過去最高となる。

トヨタの広報担当者は、来年度の世界生産計画に関する情報について、「トヨタから公表したものではない」と述べた。"
46,「新規上場」公開価格、「低い値決め」独禁法違反の恐れ…公取委が見解公表へ（読売新聞オンライン） - Yahoo!ニュース,東証の上場セレモニーで打ち鳴らされる鐘　企業が新規上場する際、事前に投資家に販売する時の「公開価格」を巡り、公正取引委員会は広く普及する値決めの商慣行が独占禁止法に違反する恐れがあるとの見解を示すことが分かった。優位な立場にある証券会社が一方的に価格を低く設定する行為が多くみられると問題視している。公開価格が低くなると新興企業が十分な資金を調達できないため、公取委が改善を促す。　政府関係者が明らかにした。公取委は近く、見解を示す報告書を公表する。　新規上場企業から手続きを受託する主幹事の証券会社は上場する株式の大半を引き受け、市場取引前の公開価格で個人投資家らに販売する。新規上場銘柄は近年、値上がりが見込めると人気を集める。上場して最初に売買が成立した初値が公開価格を上回れば顧客は含み益を得るため、証券会社側が顧客を囲い込むために公開価格を抑えているとの見方が一部にある。　政府によると、日本の新規上場企業の初値は公開価格の平均１・５倍に達している。米国やドイツの１・２倍に比べて高く、上場後に跳ね上がる傾向がある。　上場企業が調達できる資金は、公開価格と発行株式数で決まる。市場の評価を示す初値と公開価格の差が大きいほど、企業は本来調達できたはずの資金が得られなかったことになる。（写真：読売新聞）　公取委が問題視したのは、公開価格を決める前段階の「想定発行価格」の決め方だ。企業の財務状況などをもとに算出する理論上の価格から、「個人投資家にも広く買ってもらうため」などとして慣行で一定割合を差し引いた価格を指す。想定発行価格が低くなると、最終的に公開価格も低くなりやすい仕組みだ。公取委　主幹事証券会社が企業と相談の上、想定発行価格を算出するが、割引率の算定根拠について具体的な説明を受けた企業は一部にとどまるとみられる。公取委は報告書で、合理的根拠に基づかず価格を低く設定することは独禁法が禁じる「優越的地位の乱用」にあたる懸念があると指摘する。
47,異例の補助金、効果不透明　給油所は「誤解」懸念　ガソリン高対策（時事通信） - Yahoo!ニュース,"レギュラーガソリン１リットル当たり１７７円を示す看板＝２５日午後、東京都内　政府が25日、ガソリン価格の高騰抑制策発動を決めた。

　3月末までの時限措置ながら、消費者の負担緩和を図るため、石油元売りなどに補助金を支給する異例の内容。ただ、実際の店頭価格にどこまで反映されるかは不透明で、給油所からは利用者の混乱や誤解を懸念する声も出ている。

【図解】政府のガソリン高騰対策のイメージ

　この制度は、政府が1リットル当たり最大5円の補助金を支給し、これを原資に元売りなどが給油所への卸価格の上昇を抑えて店頭価格急騰の緩和を図るもの。石油製品価格調査でレギュラーガソリンの全国平均価格が170円以上となった場合に発動する。今回は27日から1リットル当たり3円40銭を支給。翌週以降の補助金額は原油価格などを見ながら決定する。

　しかし、店頭価格は給油所が在庫や販売数量も踏まえ決定するため、目に見える効果が出るか疑問視する声もある。また、店頭価格の値下げを狙った制度ではない上、補助金額に上限があるため高騰抑制効果も「限定的だ」（業界関係者）とされる。

　それでも制度が複雑なため、給油所には「先週より値下がりするとか、170円が上限になるといった誤解が広まる」との懸念が強い。給油所などで組織する全国石油商業組合連合会は「店頭価格の値引きではなく、高騰緩和のための制度であることに注意してほしい」と訴える。

　原油価格の先行きも不透明だ。業界関係者は「来週にも補助金額が上限の5円に達する可能性もある」と指摘。石油連盟の杉森務会長は24日の記者会見で、ロシア軍がウクライナに侵攻すれば「（原油価格の）かなりの高騰につながる」との見方を示す。

　萩生田光一経済産業相は「高騰が続くことも想定しなければならない」と、3月末以降も制度を延長する可能性に言及する。原油相場の急騰が続けば、補助金だけでは影響を抑えられない恐れも出てくる。　"
48,まずい棒は値上げしません　「きまずい棒」になってしまう…　経営難の銚子電鉄【急上昇ニュースのウラ】（千葉日報オンライン） - Yahoo!ニュース,"「まずい棒」を手にする竹本社長＝2019年6月　長年にわたり税別10円で販売されてきた「うまい棒」が4月から同12円に値上げされるとのニュースを受け、にわかにその動向に注目が集まっていた銚子電鉄（千葉県銚子市）のスナック菓子「まずい棒」。同電鉄に取材すると、竹本勝紀社長は「今のところ値上げの予定はない」と明言。その理由は、「これ以上の価格転嫁をすると、まずい棒が『きまずい棒』になってしまう」と、同社らしいユーモア混じりのコメントを返してくれました。（デジタル編集部）

　「うまい棒」値上げのニュースが報じられると、ツイッターでトレンド入りするなどネット上で話題が沸騰。その影響で、経営状況が「まずい」ことに掛けて2018年に発売され、銚子電鉄の本業不振を大いに補ってきた「まずい棒」のことを知る人たちから、「まずい棒も値上げするの？」と、心配する声が相次ぎました。

　千葉日報社の取材に、竹本社長は次のようにコメントしました。　

　「まずい棒の販売価格は決してリーズナブルとは言えませんが、多くのお客様にご購入いただいたお陰で、今日まで鉄道を存続することができました」

　確かに「まずい棒」は最もスタンダードな「コーンポタージュ味」が10本入りで350円（税別）。1本当たり35円と、もともと「うまい棒」より高めの設定です。それでも“銚電ファン“を中心に多くの人たちに好調に売れたことが、同社の経営にとって大きな支えとなりました。

　ただ、「うまい棒」と同様、「まずい棒」も、昨今の原材料価格の上昇の影響を受けているはず。

　竹本社長はこう続けます。

　「ただ、これ以上の価格転嫁をすると、まずい棒が『きまずい棒』になってしまうので、今のところ値上げの予定はありません」

　これまでも数々の難局をユーモアで乗り越えてきた同電鉄。今回も銚電らしい表現で、価格の据え置きを明言しました。

　なお、同電鉄では24日、3本しかない車両のうち1本の故障が判明。他の1本も検査中のため、当面1本のみで運行する予定です。その影響で、一部運休を余儀なくされることに。何度も危機に陥っては乗り越えてきた同電鉄が、またもや新たな危機に直面しています。

　竹本社長は「車両故障でご利用のお客様にご不便をお掛けしておりますが、まずい棒やぬれ煎餅の販売収益で、一日も早く車両の復旧を目指したいです」と話しています。"
49,昨年の居酒屋売上高、コロナ禍前の4分の1に　2年続けて大幅減（朝日新聞デジタル） - Yahoo!ニュース,"飲食店が立ち並ぶ東京・神田の商店街=1月、山下裕志撮影　外食大手でつくる日本フードサービス協会が25日発表した調査によると、2021年の外食売上高は前年比1・4%減だった。業態別にみると、酒類提供制限の影響を大きく受けたパブ・居酒屋が同42・2%減の大幅な落ちこみ。一方で、テイクアウトも多いファストフードは、同4・8%増と2年ぶりに増えた。

【写真】3密の典型、スナック苦境　2カ月で3人のママの悲報が

　加盟社の約3万7千店舗の売上高を集計した。外食産業全体でみると、新型コロナの影響で大きく落ち込んだ20年よりさらに苦戦。コロナ禍前の19年と比べると16・8%減で、市場規模が大きく縮小している。

　2年続けて大きく落ち込んだパブ・居酒屋の売上高は、コロナ禍前の19年と比べると4分の1の水準まで減った。ほかの業態の売上高をみると、ディナーレストラン前年比10・1%減▽ファミリーレストラン同8・2%減▽喫茶同0・1%増だった。（田幸香純）朝日新聞社"
50,コカ・コーラ初のノンアルコールブランド「よわない檸檬堂」　 “本来お酒を好む人があえてお酒を飲まなくなる”に着目して開発（食品新聞） - Yahoo!ニュース,"「よわない檸檬堂」　コカ・コーラシステムは25日、初のアルコール度数0.00％のノンアルコールブランド「よわない檸檬堂」を立ち上げたと発表した。
　350ml缶を2月7日にコンビニで先行発売し、同21日に全国発売する。希望小売価格は税別132円。

　ビアテイスト飲料やシャンメリーを除くノンアルコールRTD市場が近年成長していることと生活者の価値観や行動の変容に着目して開発した。

　同市場について、25日発表した日本コカ・コーラ の岸田卓真マーケティング本部アルコールカテゴリー事業本部ブランドマネージャーは「ノンアルコールRTD市場は21年に金額規模で17年の約1．5倍の規模にまで成長した。RTD（ビールを除くアルコール飲料）市場規模に比べるとまだまだ小さいが、近年の成長を考えると非常にポテンシャルのある重要な市場と捉えている」との見方を示す。

　生活者の行動変容としては、健康志向の高まりでアルコール飲用者の減少とアルコール飲用者の飲用頻度の減少に着目。この中で特に注目したのが“本来お酒を好む人があえてお酒を飲まなくなる”という価値観の変化。

　「自分の時間や家族との時間の充実、生産性の向上、心身のウェルビーイングを追求することで、あえて飲まない日をつくる行動が見てとれる。我々はこういった飲酒に対する行動・価値観の変化がノンアルコールRTD市場の成長の非常に重要なトリガーになっていると考えている」。

　岸田ブランドマネージャーによると、あえて飲まない日をつくる動きはソバーキュリアスが言われはじめた2、3年前から顕著にみられるようになり、その背景については健康意識の高まりを挙げ「身体のみならず心身の健康意識が高まりが起点になっている」と説明する。

　中味は、「檸檬堂」のレモンサワーの作り方を参考に、レモン果汁にジュニパーベリーのエキスを馴染ませることによってジューシーで濃厚なレモン感と本格的なレモンサワーらしい風味に仕立てられている。

　メインターゲットはレモンサワーとアルコールを飲んだときの気分を好む30―49歳の男女を想定し、「檸檬堂」とは別のブランドとしてマーケティング活動を展開していく。

　「我々が現在展開しているアルコールブランドでカバーし切れないシーンに、おいしさを届けることで楽しんでいただけて価値提供できるシーンが広がっていくと考えている。我々のアルコールブランドを楽しんでいる方々にも手に取ってもらうことも想定している」と語る。"
51,ガソリン170円維持に異例の補助金　効果発揮は1、2週間後か（朝日新聞デジタル） - Yahoo!ニュース,"ガソリンや灯油などに補助金を出すことを発表した萩生田光一経済産業相　政府は25日、ガソリンなどの価格上昇を抑えるためだとして、異例の補助金を出すことを決めた。燃料費が負担になっている家計や企業にとっては期待が高まるが、かつてない政策でもあり効果は未知数だ。

【写真】ガソリンへ補助金、消費者の恩恵見通せず　販売側は店頭の混乱を警戒

　政府はいまの価格からの「値下げ」を狙ったものではないと説明している。目的は、いま以上の急激な価格上昇を抑えることだとしている。具体的には、1リットルあたりの全国平均でガソリンが170円、灯油が約110円、軽油が約150円という価格を超えないことをめざす。石油元売り各社に1リットルあたり最大5円の補助金を出し、卸売価格を抑える。それを受けて、ガソリンスタンドには小売価格を抑えてもらう仕組みだ。価格はそれぞれの店が自主的に決めるため、補助金分がすべて価格抑制にまわるかどうかははっきりしない。

　仮に小売価格の上昇が抑えられたとしても、全国すべての店で一律に170円になるわけではない。価格は輸送費など様々な条件で決まり、店ごとに異なっている。全国平均価格が170円を超えないよう補助金の支給単価は設定されるが、すでに多くの店が170円を超えている地域もある。その場合は、補助金が出ても170円を超える店は多いとみられる。

　店によっては、来週や再来週は値上げする可能性もある。これまでの卸売価格の上昇分を価格に十分に転嫁できていない店もあるためだ。高い卸売価格で仕入れた在庫が残っているところもある。経済産業省は価格抑制の効果が表れてくるのは、1～2週間後とみている。消費者にとっては恩恵をどれだけ受けたのかわかりにくい面もある。政府は2021年度当初予算と補正予算に計893億円を計上しているが、政策の費用対効果が問われる。朝日新聞社"
52,エネオス和歌山停止　和歌山知事、撤回求める（産経新聞） - Yahoo!ニュース,"仁坂吉伸知事＝和歌山県石油元売り最大手のＥＮＥＯＳ（エネオス）が和歌山製油所（和歌山県有田市）の機能停止を正式発表したことを受け、同県の仁坂吉伸知事は２５日、「事前通告もなしで、一方的に製油所機能の停止を決定するというやり方は大変遺憾であり、大企業の姿勢として極めて疑問」として撤回を求める談話を発表した。

【写真】ＥＮＥＯＳ和歌山製油所

談話では「ＥＮＥＯＳホールディングス（株）の今期の業績は原油価格高騰の影響を受け、増収増益の見込みと聞いている」とした上で、「地元の有田市において、ＥＮＥＯＳ和歌山製油所は、経済面のみならず雇用面においても地域の重要な基盤であり、地元としても操業開始以来８０年の長きにわたり、地域一体となって支えてきた」と指摘。

今回の発表について「民間企業の経営判断によるものであるが、地元自治体としては、雇用や協力企業を中心とした地域経済への影響に重大な懸念を抱いている」とし、「速やかに撤回し、製油所の存続を図るとともに、今後、製油所機能を縮小しないといけない状況に陥った場合は、事前に相談し、脱炭素の時代にふさわしい新たな事業を和歌山製油所で実施するよう、ＥＮＥＯＳホールディングス（株）に強く求めたい」としている。"
53,首都圏の新築マンション、平均価格ついにバブル超え…１戸あたり６２６０万円（読売新聞オンライン） - Yahoo!ニュース,東京都心　不動産経済研究所が２５日発表した、２０２１年の首都圏（東京、神奈川、埼玉、千葉）の新築マンション平均価格は１戸あたり６２６０万円で、前年から２・９％上昇した。バブル期だった１９９０年の６１２３万円を超え、過去最高となった。１平方メートルあたりの価格も９３・６万円で、過去最高を更新した。　年間の発売戸数は、コロナ禍で住宅の営業活動が一時自粛された前年からの反動で、２３・５％増の３万３６３６戸となった。３万戸を超えるのは２年ぶり。　平均の初月契約率は７３・３％となり、好不調の目安となる７０％を超えた。７０％を超えるのは、２０１５年以来６年ぶりという。
54,【速報】日経平均株価　457円値下がり　終値2万7131円（TBS系（JNN）） - Yahoo!ニュース,"東証外観日経平均株価は一時27000円の大台を割り込む場面もありましたが、その後下げ幅を縮小して今日の取引を終えています。

東京株式市場で日経平均株価はきのうの終値より457円値下がりの2万7131円34銭できょうの取引を終えました。

きょうの東京市場では、アメリカの金融政策に対する警戒感や、ウクライナ情勢を巡る地政学的リスクへの警戒感から取引開始直後から売り注文があつまりました。

午後には下げ幅を600円以上に拡大して去年8月20日以来およそ5か月ぶりに、心理的節目となる2万7000円を割り込む場面もありました。

市場関係者は「FRB＝米連邦準備理事会による金融引き締めへの警戒感から変動幅が大きい状況が続いている」としたうえで、「日本時間27日の未明に予定されているFOMC＝連邦公開市場委員会の結果発表までは不安定な相場が続く可能性がある」としています。"
55,【独自】日本郵政、デジタル地図事業に参入へ…変化を随時反映する「生きた地図」作り（読売新聞オンライン） - Yahoo!ニュース,（写真：読売新聞）　日本郵政グループが、デジタル地図事業への新規参入を計画していることが明らかになった。郵便や物流事業で得た道路や建物などの変化を随時反映する「生きた地図」作りを目指す。全国２万４０００局の郵便局網を活用することで、米ＩＴ大手のグーグルなど、先行する企業に対抗する。　複数の関係者が明らかにした。電機メーカーのパイオニアから独立したカーナビゲーション用デジタル地図大手「ジオテクノロジーズ」（本社・東京）と業務提携する形での参入を検討している。２０２２年中にも提携の枠組みを詰め、サービスを始めたい考えだ。　日本郵政は、全国に約２万４０００の郵便局と約１０万人の配達員を抱えている。配達員の目視やカメラ、センサーを搭載した配達用バイクなどで、詳細な情報を収集。道路状況の変化や店舗の開店・閉店などがあれば、速やかに反映させる。　配送で２３年にも実用化するドローンから得た情報を生かす。地上からでは把握が難しい中山間地での道路や建物の情報も集める。人工衛星関連の企業をはじめ出資先との連携で、立体的な地図作りも目指す。　将来的には、郵便事業を通じて集めた顧客データを生かすことも視野に入れている。デジタル地図に居住者の人数などを盛り込むことができれば、付加価値が高まるとみている。　ただ、郵便法は、郵便事業で得た情報を、郵便以外の事業で使うことを禁じている。日本郵政グループは、利活用を巡る総務省の有識者会議の議論を踏まえたうえで、提供するサービスの範囲などを判断する。　デジタル地図は、自動運転や無人配送など、次世代サービスを展開する上で欠かせないインフラと位置付けられる。米グーグルは、スマートフォンの利用者から集めた膨大な位置情報を活用し、世界的にサービスを提供している。日本郵政の参入で競争が激しくなることも予想される。
56,実は岡山…うどんセルフ方式発祥の店　「苦肉の策」が行列呼ぶ（毎日新聞） - Yahoo!ニュース,"客は棚に並ぶ麺を取って自分でゆでる＝岡山市北区平井で、岩本一希撮影　客がトッピングの天ぷらやおにぎりを皿に取るセルフ方式のうどん店。大手チェーン店の登場で全国的に知られるが、実は岡山発祥なのだ。

【焼き芋、ラーメン…全国各地のおもしろ自動販売機】

　岡山市中心部から車で約１５分にある「手打うどん名玄」。店の中央にうどん釜があり、客は棚に並んだうどん玉を取ると手際よくゆでていく。「始めはお客さんに『わしにせぇってか？』とよく言われた」と社長の平井芳和さん（６９）は苦笑する。

　創業は１９７６年。平井さんの父、覚さんの提案でうどん店を開業することになり、運営を任された。後発ということで父から「１杯１００円」を厳命される。人件費をまかなう余裕はない。

　考えるうちにカウンター越しに料理を受け取る学食を思い出し、客に自分で麺を取ってゆで、だしを注いでもらうスタイルを思いついた。「始めからセルフありきではなく、苦肉の策です」。保健所からは「どうなっているのか」と問われ、「生肉を客が調理する焼き肉屋と同じだ」と言って納得させた。

　準備期間約２カ月でのドタバタ開業。当初は客足が伸び悩んだが、地元のテレビ番組に紹介されたことで知名度が急上昇した。同じ形態の店が続々と開店したが、セルフ方式を独占することはしなかった。

　今でも１日に１０００人以上が来店する。現在、うどん１玉２３０円（税込み）。昼時は約１００席があっという間に埋まり、行列ができる。帰省客からは「これを食べないと帰った気がしない」と言われるという。「ソウルフードになってきた」。平井さんが感無量の表情を見せた。【岩本一希】"
57,オイシックス「大量欠品」騒動、運営会社が謝罪　空箱が届いた人も...「判断の甘さがあった」（J-CASTニュース） - Yahoo!ニュース,"オイシックス公式サイトより　食材宅配のオイシックス・ラ・大地（東京都品川区）は2022年1月24日、配送トラブルが頻発しているとして、「多大なるご迷惑をお掛けしましたこと、深くお詫び申し上げます」と謝罪した。 

　SNSでは、利用者から「空箱が届いた」などと苦情が相次いでいた。 

■「頼んだ15品欠品」

 　発表によれば、2022年1月18日に新物流センター「OisixNew 海老名ステーション」へ移転を進める際、庫内作業などが遅れてしまい、食材宅配サービス「オイシックス」「ISETAN DOOR」「dミールキット」の発送の遅れや欠品、中止が多発しているという。 

　同センターへは2024年に移転予定だったが、コロナ禍での需要拡大を受け、前倒しで進めていた。しかし、「初日に大量の商品が想定していなかったタイミングで同時に入荷があったことなどから受け入れが混乱」「実際の在庫とデータ上の在庫が一致しない」といったトラブルが起きたという。

 　オイシックス社は「お客様にお応えしたいという思いで、前倒して物流センターの拡張を目指したものの、計画の甘さ、判断の甘さがあったと言わざるをえません。誠に申し訳ございません」と謝罪している。

 　SNS上では、利用者から「頼んだ15品欠品」「一日遅れで届いたのは、箱二つに豆腐二つの一箱、もう一つは空箱でした」「荷物を確認すると鶏肉が入ってない。2日目メインの鮭も入ってない」「週末に使う予定の食材、前日に欠品連絡来るのは参った」などと混乱が広がっていた。 

　25日昼現在、復旧の報告はなく、「社員総出となって出荷作業にあたりつつ、発生している問題の解決を並行して進めております」「なんとか今週ご注文をいただいているお客様には問題なくお届けできることを目指して進めている状況です」とする。"
58,２２年春闘スタート…昨年は１％台に沈んだ賃上げ率、回復なるか（読売新聞オンライン） - Yahoo!ニュース,"経営側と労働組合側の関係者が参加して行われた経団連労使フォーラム（２５日午前、東京千代田区で）＝林陽一撮影　春闘の始まりを告げる経営側と労働組合側の関係者らによる「経団連労使フォーラム」が２５日午前、東京都内で始まった。岸田首相は「成長と分配の好循環」に向け、業績が回復した企業に３％超の賃上げを期待し、連合は計４％程度を求めている。経団連も賃上げ自体には前向きだが、観光をはじめコロナ禍による業績悪化が深刻な企業も多い。

【図表】春闘の平均賃上げ率推移　経団連の十倉雅和会長は開会のあいさつで「賃金引き上げと総合的な処遇改善に取り組むことが非常に重要だ」と語った。　昨年は１％台に沈んだ賃上げ率が、どこまで回復するかが最大の焦点となる。経団連は２０２２年春闘の指針で、収益が高い水準で推移・増大した企業は「（基本給を底上げする）ベースアップ（ベア）の実施を含めた、新しい資本主義の起動にふさわしい賃金引き上げが望まれる」とした。岸田首相が期待する「３％超」に配慮した格好だ。　連合の春闘方針では、ベアで２％程度、定期昇給分を合わせると計４％程度の賃上げを求めている。労働者の日々の生活を支える月例賃金（月給）の上昇を重視する。　一部の企業は賃上げに前向きだ。大和証券グループ本社は、国内約１万３０００人のグループ社員を対象に３％以上の賃上げを実施する方針を示した。　一方で、航空や観光、外食といった業種は、今もコロナ禍に苦しみ続ける。航空会社の労働組合が加盟する航空連合は、ベアと一時金（ボーナス）の要求額の目安を、２年連続で設けないと発表した。　経団連の春闘指針は苦境にある企業に対しては、「事業継続と雇用維持を最優先にしながら、自社の実情にかなった対応を見いだすことが望まれる」とした。春闘の月給引き上げ率が３％を超えたのは、経団連による大手企業を対象とした集計で１９９４年（３・１０％）まで遡る。　今回の春闘では、年功型賃金を特徴とする日本型雇用システムの見直しなども論点となる。産業別や個別企業の交渉が２月以降に本格化し、３月中旬に集中回答日を迎える見通しだ。"
59,東証、午前終値は2万7027円　反落、一時500円安（共同通信） - Yahoo!ニュース,"下げ幅が一時500円を超えた日経平均株価を示すモニター＝25日午前、東京・東新橋　25日午前の東京株式市場の日経平均株価（225種）は大幅反落した。下げ幅は一時500円を超え、昨年からの終値ベースの安値2万7013円25銭を下回った。米国の金融政策正常化を巡る警戒感から売り注文が先行した。ウクライナ情勢が緊迫化していることも不安材料だった。

NY株一時1100ドル安、ウクライナ情勢の緊迫化などを受け　午前終値は前日終値比561円14銭安の2万7027円23銭。東証株価指数（TOPIX）は39.10ポイント安の1890.77。

　前日のニューヨーク株式市場のダウ工業株30種平均は7営業日ぶりに反発したものの、下げ幅が一時、1100ドルを超える場面があった。"
60,「もう勘弁して」「国は方針を明確に」時短要請、飲食店から悲痛な声（西日本新聞） - Yahoo!ニュース,"人通りがまばらな北九州の繁華街＝24日　新型コロナウイルスの感染急拡大で、福岡県では24日、独自のコロナ警報に伴う飲食店への「時短営業」要請が始まり、多くの店が閉店時間を早めた。前回の要請解除からわずか3カ月。飲食店からは「もう勘弁して」と悲痛な声が上がった。政府にまん延防止等重点措置の適用を要請した佐賀、大分、鹿児島3県でも近く時短要請が始まり、九州全県に広がる。新たな変異株への対応に混乱が見られる政府への注文も聞かれた。

【グラフ】福岡の感染者数の推移

　「もう何回目の時短要請か。うんざりです」。北九州市小倉北区で和食料理店「黒田節」を経営する樋上誠治さん（49）は、ため息をつく。感染防止対策の認証を得ており、お酒を提供して午後9時まで営業する。

　前回の時短要請解除以降、客足は戻りつつあった。店の予約表は年末年始は埋まっていたが、24日を境に空欄が目立つ。「料理を大皿ではなく、小分けにして出すなど工夫してきたのに」

　政府内では会食などの人数制限と人流抑制を巡り混乱が生じている。「どちらを重視するかで今後求められる対応も変わるはず。国は方針を明確にしてほしい」と注文を付けた。

　福岡市中央区の「串カツあらた博多天神店」では午後6時を過ぎても閑古鳥が鳴いていた。店長の切通雄太さん（29）は「年末年始は予約で満席だったのに。またかという思いが強い」と肩を落とす。

　時短要請期間は2月20日までだが「また延長されないか」と不安だ。割引企画で集客を図るという。

　昨年2度にわたって独自の時短要請を行い、今回が初の重点措置となる大分県は25日に時短要請の詳細を発表する予定だ。

　大分市中央町のバーでは今年に入って客が激減し、平日は売り上げがゼロの日もある。店主の60代男性は「経営が成り立たなくなっており、協力金は助かる」と漏らす。重点措置の期間中は店を閉める。同市都町で鶏料理店を家族で経営する40代女性は「とうとう来たという感じ。要請に従って営業は続ける。頑張って乗り越えたい」と話した。

　24日夕、福岡市・天神では仕事を終えて家路を急ぐ人の姿が目立った。路線バスを待っていた男性会社員（49）は「息子が大学受験を控えており、感染予防に徹したい」と語った。

　（上田泰成、小林稔子、井中恵仁）"
61,ガソリン価格抑制策を初発動　野党、「トリガー条項」凍結解除求める（毎日新聞） - Yahoo!ニュース,"ガソリンスタンドで給油するスタッフ＝松江市内で、松原隼斗撮影　萩生田光一経済産業相は25日の閣議後記者会見で、ガソリンなどの燃油価格の高騰を抑える価格抑制策を初めて発動すると発表した。24日時点のレギュラーガソリンの全国平均小売価格が1リットル当たり170・2円となり、発動条件の170円を超えた。ガソリン、軽油、灯油、重油を対象に各1リットル当たり3・4円を27日から石油元売り会社に支給して、小売価格の抑制を図る。

【2018年】ガソリン高騰に怒り、シャンゼリゼ通りが炎に

　レギュラーガソリンが1リットル当たり170円を超えたのは、約13年4カ月ぶり。抑制策は昨年の追加経済対策に盛り込まれ、燃油価格の高騰が新型コロナウイルス禍から回復しつつある日本経済の足かせになるのを防ぐ狙いがある。政府が石油元売り会社に1リットル当たり最大5円を事後精算で支給する仕組みで、政府が補助金を投入して市場の価格決定に介入するのは異例だ。

　石油元売り会社に支給される補助金額は原油市場の動向を踏まえて毎週見直していく。政府は財源として2021年度補正予算で800億円を計上しているが、原油価格は1バレル＝80ドル台後半の高値で推移しており、抑制策の発動は長期に及ぶ可能性もある。

　元売り会社には、支給された補助金相当分を引き下げた卸売価格でガソリンスタンドなどの小売業者に販売することを約束させる。政府は小売価格の動向も調べるが、補助金によって抑制された卸値をガソリンスタンドが小売価格に反映させるかは各店舗の判断に委ねられている。そのため、実際に消費者が恩恵を受けられるかは不透明だ。

　今回の抑制策はあくまで今後の上昇を抑えることを目的にしており、石油連盟の杉森務会長（ENEOSホールディングス会長）は24日の定例記者会見で「急に（価格が）上がることを緩和するための措置であり、下げるための措置でないことをしっかり説明することが大事だ」と述べ、政府に丁寧な説明をするよう注文した。

　ガソリン価格の抑制策としては、3カ月連続で1リットル当たり160円を上回った場合、1リットル当たり53・8円かかっている税金のうち、25・1円の課税を一時的に停止する「トリガー条項」がある。旧民主党政権時代の10年に導入されたが、東日本大震災の復興財源確保のために一度も発動されないまま凍結されている。既に、発動要件を満たしているため、野党は凍結解除を求めている。

　ただ、トリガー条項の凍結解除には法改正が必要な上、年間3兆2000億円程度あるガソリン税と軽油引取税の税収が減るため、政府は難色を示している。岸田文雄首相は20日の国会答弁で「買い控えやその反動による流通の混乱があることから凍結解除は適当でない」と述べ、トリガー条項ではなく価格抑制策で対応していく考えを示した。

　世界的な原油高を踏まえ、政府は石油の国家備蓄の放出にも踏み切る予定だ。ガソリン高が深刻化する米国のバイデン大統領の呼び掛けに応じたもので、3月下旬から複数回に分けて国内消費量の2日分に相当する数十万キロリットルを放出する計画。ただ、放出する量が少ないこともあり、市場では価格を下げる効果を疑問視する見方が広がっている。【高橋祐貴】"
62,「国民資産」４・７％増の１京１８９２兆円…過去最高を更新（読売新聞オンライン） - Yahoo!ニュース,内閣府　内閣府が２４日発表した国民経済計算によると、２０２０年末時点で国や企業、個人などが保有する土地・建物、株式など「国民資産」の残高は、前年比４・７％増の１京１８９２兆円で過去最高を更新した。増加は２年連続。　金融資産は６・７％増の８５８３兆円だった。新型コロナウイルス感染拡大を受けて企業が手元資金を厚くしたことや、外出自粛の影響で消費が手控えられ現預金が積み上がったことが影響した。一方、企業の設備投資が抑制されたため、非金融資産は０・３％減の３３０９兆円となった。　国民資産から負債を差し引いた「国富」（国全体の富＝正味資産）は０・３％減の３６６９兆円となり、５年ぶりに減少した。対外純資産は、円高の影響で資産の価値が円換算で目減りし、０・１％減の３５９兆円で３年ぶりに減少した。
63,NY株、7日ぶり反発　一時1100ドル超安（時事通信） - Yahoo!ニュース,"米ニューヨーク証券取引所（ＥＰＡ時事）　【ニューヨーク時事】週明け24日のニューヨーク株式相場は、米金融政策やウクライナ情勢をめぐる先行き不透明感から、激しい値動きとなった。

【図解】米国の失業率と物価指数の推移

　優良株で構成するダウ工業株30種平均は7営業日ぶりに反発し、前週末終値比99．13ドル高の3万4364．50ドルで終了。一時1100ドル超下落し、昨年4月以来の安値を付けたが、終盤にかけて急速に下げ幅を縮め、プラス圏に浮上した。

　ハイテク株中心のナスダック総合指数は86．21ポイント高の1万3855．13で引けた。　"
64,NY株、7日ぶり反発　一時1100ドル超安（時事通信） - Yahoo!ニュース,"米ニューヨーク証券取引所（ＥＰＡ時事）　【ニューヨーク時事】週明け24日のニューヨーク株式相場は、米金融政策やウクライナ情勢をめぐる先行き不透明感から、激しい値動きとなった。

【図解】米国の失業率と物価指数の推移

　優良株で構成するダウ工業株30種平均は7営業日ぶりに反発し、前週末終値比99．13ドル高の3万4364．50ドルで終了。一時1100ドル超下落し、昨年4月以来の安値を付けたが、終盤にかけて急速に下げ幅を縮め、プラス圏に浮上した。

　ハイテク株中心のナスダック総合指数は86．21ポイント高の1万3855．13で引けた。　"
65,エネオスが和歌山製油所を閉鎖へ　需要減で効率化、転用困難（共同通信） - Yahoo!ニュース,"和歌山県有田市のENEOS和歌山製油所（中央）　石油元売り最大手のENEOS（エネオス）が、和歌山製油所（和歌山県有田市）を閉鎖する方針を固めたことが24日、分かった。ガソリンなど石油製品の需要は人口減少や世界的な脱炭素の流れで減少傾向にあり、エネオスは製油所の統廃合による経営効率化を進めている。

エネオス、再エネ大手の買収検討　石油依存からの脱却図る　昨年10月　関係者によると和歌山製油所は都市圏からやや離れて立地していることもあり、物流施設や他製品の製造拠点への転用は難しいと判断、閉鎖の方向となった。閉鎖時期など詳細を近く発表する。

　和歌山製油所は東亜燃料工業時代の1941年に操業を開始した。衣料品やペットボトルの原料になるパラキシレンなどの化学品を製造している。"
66,トヨタ、コロナ感染で国内工場の減産拡大　1月に6.5万台影響（ロイター） - Yahoo!ニュース,"トヨタ自動車は２４日、国内仕入先での新型コロナウイルス感染拡大による部品供給不足により、一部の国内完成車工場での稼働停止期間について２５日、２６日の２日間追加すると発表した。資料写真、２０２１年４月撮影（２０２２年　ロイター／Aly Song）［東京　２４日　ロイター］ -     トヨタ自動車は２４日、国内仕入先での新型コロナウイルス感染拡大による部品供給不足により、一部の国内完成車工場での稼働停止期間について２５日、２６日の２日間追加すると発表した。１月の生産への影響台数は約６万５０００台に膨らむ。

一方、２月に稼働停止予定だった工場と生産ラインは一部縮小するため、２月の生産台数は計画から増える見込み。

１月に稼働停止を２日間追加するのは、国内全１４工場２８ラインのうち、堤工場（愛知県豊田市）、高岡工場（同）、元町工場（同）、田原工場（愛知県田原市）など１１工場１９ライン。２０日の公表では１月の稼働停止による影響台数は約４万７０００台だったが、さらに１万８０００台増える。

２月の稼働停止対象は、従来の８工場１１ラインから６工場７ラインに減る。１月に一部の工場やラインで使う予定だった部品を使用して挽回する。７０万台程度としている２月の生産計画は現在、精査中だが、同月の稼働停止縮小により、生産台数は計画より増える予定。"
67,ガソリン価格抑制策発動へ　軽油、灯油、重油も対象　25日にも発表（毎日新聞） - Yahoo!ニュース,"ガソリンスタンドで給油するスタッフ＝松江市内で、松原隼斗撮影　政府は24日、ガソリンや灯油などの燃油価格の急騰を抑える価格抑制策を初めて発動する方針を固めた。発動条件となるレギュラーガソリンの全国平均小売価格が1リットル当たり170円を超える見通しになったため。最新の価格は26日に発表予定だが、集計段階で170円超えが確実となり、政府は石油元売り会社に補助金を支給する準備に入った。ガソリンスタンドなどへの卸売価格に反映されれば、小売価格が下がる可能性がある。

【2018年】ガソリン高騰に怒り、フランスで「黄色いベスト」デモ

　ガソリン価格の高騰が新型コロナウイルス禍から回復しつつある日本経済の足かせになるのを防ぐ狙いがあるが、政府が補助金を投入して市場の価格決定に介入するのは異例。25日にも発表する。

　抑制策では、政府が石油元売り会社に1リットル当たり最大5円を事後精算で支給する。ガソリンだけでなく、軽油、灯油、重油も対象で、4油種ともレギュラーガソリン1リットル当たりの全国平均小売価格が170円を超えた場合に発動される。石油元売り会社に支給される補助金額は、原油市場の動向を踏まえて毎週見直していく。元売り会社には支給された補助金相当分を引き下げた卸売価格でガソリンスタンドなどの小売業者に販売することを約束させる。政府は小売価格の動向も調べるが、補助金によって抑制された卸値をガソリンスタンドが小売価格に反映するかは各店舗の判断に委ねられており、実際に消費者が恩恵を受けられるかは不透明だ。

　抑制策は昨年の追加経済対策に盛り込まれ、政府は財源として2021年度補正予算で800億円を計上した。原油価格は1バレル＝80ドル台後半の高値で推移しており、抑制策の発動は長期に及ぶ可能性もある。【高橋祐貴】"
68,賃貸住宅は東京23区独り負け　市場にだぶつく６万戸のワンルームの行方（サンデー毎日×週刊エコノミストOnline） - Yahoo!ニュース,"東京23区からの単身者流出はいつまで続くのか…　日本で新型コロナウイルス陽性者が確認されてから２年が経過した。コロナ禍は日本経済に打撃を与えた。特に２０２０年４月に発令された第１回緊急事態宣言以降、人の流れが大きく制限された。

　これにより最も大きな影響を受けたのが東京都である。総務省の「住民基本台帳人口移動報告」によると、東京都への人口の流入は、コロナ前の19年度は前年比８万３４５５人増であったが、コロナ禍の20年度は同７５３７人と大きく減少した。さらに、21年度の上半期（４～９月）は同８７５６人減と流出に転じている。

　一方で神奈川県、埼玉県、千葉県への人口流入はコロナ前と同じ水準であり、首都圏一極集中は継続している。東京都のみ独り負けなのである。

■住宅販売は堅調

　さらに掘り下げていくと興味深いことがわかる。東京都の「住民基本台帳による世帯と人口」によると、コロナ前の19年度は、東京23区の人口は前年比８万４９６０人増だったのに対し、コロナ禍中の20年度は同３万１７１人減であった。一方東京23区外の東京市部では、19年度の人口が同１万３５４３人増であったのに対し、20年度は同5516人増であり、東京23区に比較して影響が小さかったことがわかる。

　住宅市場に影響する世帯数では、東京23区は、19年度が前年比７万４４２３世帯増、20年度が同１万84世帯増と増加幅が大きく減少したのに対し、東京市部は、19年度が同２万２８９９世帯増に対し、20年度は同程度の同２万１６３９世帯増である。このように、東京都の独り負けの実態は、東京23区の独り負けだったことがわかる。

　このような状況下においても住宅販売の流通市場は堅調である。20年度の前半こそ、緊急事態宣言発令の影響を受けて、売り上げが落ち込んだものの、年度後半に急回復した。最終的には、新築マンション販売数、中古マンション成約数は19年度並み、新築・中古戸建の成約数は19年度を上回った。これは、収入が高い層へのコロナ禍の影響が軽微であったこと、テレワークが拡大したことによる住み替え需要が喚起されたことなど複数の要因が組み合わさった結果である。"
69,感染拡大止まらず 従業員不足への企業の対応は（TBS系（JNN）） - Yahoo!ニュース,"エラーコード：1001100ご利用の環境では映像を視聴できません。映像視聴における推奨環境はこちらをご確認ください。Copyright(C) Japan News Network. All rights reserved.　オミクロン株による新型コロナの感染者や濃厚接触者の急増。企業活動への影響が懸念されます。各社の対応はどうなっているのでしょうか。

　生活に欠かせない商品を扱う大手スーパー。
 
イオン総務部 入江道之部長
　「食品売り場。ここはもうなんとしても営業継続は必須であると、お客さまのために」
 
　濃厚接触者や感染者が増え、従業員が足りなくなった場合に備え、食品売り場の維持を最優先にするといいます。衣料品や住居用品などの売り場を閉鎖してでも、従業員が食品売り場の応援に入る予定です。
 
イオン総務部 入江道之部長
　「地域のお客様の生活を支えるインフラの役割を担っている。食料品や生活関連用品については、販売を工夫しながら継続する」
 
　先週、ダイハツでは滋賀県の工場で勤務する従業員３０人以上が新型コロナに感染し、操業を一部停止するなど企業活動にも影響が出ています。そのため各企業は、感染が拡大した場合でも事業を続けられるようにＢＣＰ（事業継続計画）と呼ばれる危機対応の計画を作っています。
 
　通信大手のＮＴＴドコモでは・・・
 
ＮＴＴドコモダイバーシティ推進室 香西俊英担当課長
　「（緊急事態宣言やまん延防止中は）リモートワークの率を７割から８割に高める。出社率を２割から３割以下に落とす」
 
　主要駅近くにリモートワークが可能なスペースを確保。そこでの勤務を推進しています。また、アンテナや基地局の整備についても現場に行かず、可能な限り遠隔で監視するなどの対応をとっています。
 
　そのほか、明治安田生命でもテレワークを増やし土日にも勤務を実施するなど、密を避けた勤務を推進。大手企業が対策を繰り出す一方、中小企業では事情が異なります。
 
　東京台東区にある地元密着型のスーパー。
 
ＰＢ ＦＡＲＭ 清野恒樹社長
　「従業員が休みになったら、小さいお店としては打つ手がない状況になる。毎日、実際ドキドキしながらやってはいます」
 
　もともと少ない従業員。人を補充することも出来ず、休む人が増えてしまえば営業を続けることは不可能です。程度の差こそあれ、各企業では不安を抱えての営業が続きます。（24日14:47）"
70,「オミクロン株の特性に応じた対応で、社会経済を回していくべきだ」経団連の十倉会長、“隔離期間の短縮”と“鎖国状態の見直し”を改めて訴え（ABEMA TIMES） - Yahoo!ニュース,"十倉会長　経団連の十倉雅和会長は24日午後の会見で、政府の新型コロナウイルス対策について「政府の方もBCPという言葉を使われているが、オミクロン株を昔のデルタ株のような対応でやっていると、まず医療現場が崩壊する。世界で取り入れられている、オミクロン株の特性に応じた対応を日本においても機敏に取り入れて、社会経済活動を回していくべきだと思う」と訴えた。

【映像】「心当たりがなくてショック」ワクチン接種済なのに感染… 番組スタッフが症状を明かす

　十倉会長は「まず、隔離期間の短縮。世界は5日の隔離期間で済んでいるのに、なぜ日本は10日なのか。BCPについても、ある人が2月初旬には東京都全体で濃厚接触者が150万人になると試算していたが、全員を隔離していたら、平均で10%以上の人が隔離されることになる。これでは、あらゆるものが回らなくなる。隔離期間の適正な措置が重要になってくる。

　また、日本の鎖国状態。最初に大きく網をかけるのは正解だったと思うが、オミクロン株が大勢を占めるようにいなってきた中で、続ける意味は無いように思う。見直しを早くやってほしい。ビジネスのBCPは国内だけで成り立っているわけではない。例えばイスラエルではワクチン接種証明と陰性証明があれば入国を可能にした。日本でも検証いただいて、機敏な対応をお願いしたい。オミクロン株は短期間に増えて短期間に減るだろうと言われている。うかうかしていると、あっというまにピークに達するので、迅速な対応をお願いしたい」。"
71,カゴメが7年ぶりケチャップ値上げ　出荷価格で約3％～9％（FNNプライムオンライン） - Yahoo!ニュース,"FNNプライムオンライントマトケチャップも値上げする。

カゴメは、4月1日納品分からトマトケチャップやトマトソース、ソースなどを出荷価格で約3％から9％値上げすると発表した。

世界的に食料の需要が拡大してることから、原材料のトマトペーストや固形トマトなどの価格が
上昇し続けているためとしている。トマトケチャップの値上げは2015年4月以来、7年ぶり。経済部"
72,東芝子会社の半導体拠点、地震の影響で操業停止　生産への影響は確認中（ロイター） - Yahoo!ニュース,"　１月２４日、東芝子会社の東芝デバイス＆ストレージは、半導体事業を手掛ける大分市内の半導体生産・開発拠点が地震の影響で一部の装置が破損し、操業を停止していると発表した。写真は東芝のロゴ。都内で２０１７年２月撮影（２０２２年　ロイター／Toru Hanai）［東京　２４日　ロイター］ -     東芝子会社の東芝デバイス＆ストレージは２４日、半導体事業を手掛ける大分市内の半導体生産・開発拠点が地震の影響で一部の装置が破損し、操業を停止していると発表した。生産への影響は確認中。

２４日正午時点で操業を停止しているのはジャパンセミコンダクターの大分事業所。なお、東芝マテリアル大分工場（大分市）、豊前東芝エレクトロニクス（福岡県豊前市）は操業を継続している。

２２日午前１時過ぎ、大分県と宮崎県で最大震度５強を観測する地震があった。震源は日向灘で、深さは４５キロメートル。地震の規模を示すマグニチュードは６．６だった。"
73,「芸人の家計簿」分析！お金が貯まらない人の盲点（東洋経済オンライン） - Yahoo!ニュース,"お金が貯まらない人が陥りがちな「盲点」と、貯金を阻む「見えない支出」について解説（写真：タカス／PIXTA）東京国税局で国税職員として勤めた後、NSC(吉本総合芸能学院)に入学し、芸人の道へ。Twitterで税やお金に関する情報を投稿したことが話題になり、執筆や講演、メディアへの出演など各方面で活躍する、さんきゅう倉田氏。
コミュニケーション力、トーク力を生かした「お金」や「税」の話が「わかりやすい」と評判で、税理士会、法人会、医師会、各種学校、中小企業などで5000人以上に講演をするなど、人気を呼んでいる。

【画像】最新!「30歳年収」ランキング全国トップ500社自他共に認める「6000人の吉本芸人の中で一番お金に詳しい芸人」の、さんきゅう倉田氏が、この度、『お金持ち 貧困芸人 両方見たから正解がわかる！　　世界一やさしいお金の貯め方増やし方　たった22の黄金ルール』を上梓した。
「節約」「節税」「貯金」「保険」など、お金の基本的なことを初心者にもわかりやすく解説しつつ、お金持ち、お金がない貧困芸人両方の「実際に目撃したエピソード」が満載の1冊で、発売わずか20日で増刷するなど話題を呼んでいる。さんきゅう倉田氏が、「お金の流れを把握することの大切さ」について解説する。

■「意志」だけでなく「ルール」が大事

　ぼくは、「元国税職員のお笑い芸人」として、「お金」や「税」について講演会でお話したり、収入が増えずに困窮する人たちの話を聞いたりする機会が多くあります。また、芸人仲間をはじめ、「お金がない」と困っている人へのアドバイスを、たびたびしてきました。

　「お金が貯まらない」人に限って、よく言うセリフがあります。それは、「いつのまにかお金がなくなっている」というものです。　もちろん、お金が自然と消えるはずはなく、「使うからなくなっている」わけですが、ぼくも含めて、よほどの聖人君子でない限り、欲望に負けてついお金を使ってしまいがちです。そして、気がつけばお金は減っていて、貯金はなかなか増えません。

　だからこそ、「お金を貯めよう」と思うならば、自分の「意志」だけに頼らず、「ルール」をきちんと決めて、それを守ることが必要になります。「いつのまにかお金がなくなっている」という人へ、まずおすすめしたいのは、「出ていくお金の流れ」を把握することです。"
74,クラブハウス維持だけで莫大な金額!? ゴルフ場の年間維持費ってどれくらいかかるの？（e!Golf） - Yahoo!ニュース,"コースによってそれぞれだが数億円単位の維持費がかかるコースコンディション維持はもちろんだが、それ意外にも見えない部分でお金が掛かるゴルフ場　写真:unsplash　ゴルフを始めると、ゴルフ場の敷地が想像していた以上に広々としているので、「この施設を維持管理するにはどのくらいの金額がかかるのだろう？」と思うことがあります。

特殊なレイアウトがメンテナンス費も増大！　挑戦したいピート・ダイ設計の美しい浮島グリーンはココ

　ゴルフは他のスポーツに比べてプレー料金が高額です。平日5000円以上、土日1万円以上の料金を取るゴルフ場がほとんどですから、維持管理にもそれなりにお金がかかるのでしょう。

　ゴルフ場関係者に年間維持費を聞いてみたところ、「18ホールでもクラブハウスが大きいところもありますし、36ホールでもクラブハウスが小さいところもありますから、一概には言えません」という答えが返ってきました。

　ゴルフ場を維持管理する経費としては次のようなものがあるそうです。

「まずはクラブハウスの維持管理費です。これは電気代とか水道代とか、いろいろあります。それとフロントではゴルフ場の運営システムの維持費、レストランでは食材費、マスター室では乗用カートのリース代、コース管理ではコース管理費があります」

「あと、ほとんどのゴルフ場は借地ですから、地代もかかります。地代も借地率によって変わります。一般的にゴルフ場は売り上げの8割が固定費だと言われています。その固定費を下げる努力はしますが、3億円稼いだら、2億4000万円が経費で飛んでいくわけです。そこから従業員の給料を払ったり、設備投資を行ったりします」

　ゴルフ場の運営システムの維持費というのは、誰が何番のロッカーを使って、そのロッカー番号の人の料金はいくらと精算できるようにするためのシステムであったり、メンバーの年会費の入金管理を行ったりするシステムなどの外注費です。

「サーバーがゴルフ場にあるのかどうかによっても、システムの維持費が全然違います。月5～10万円で済んでいるところもあれば、月20～30万円かかっているところもあります」

　また、コース管理費もホール数や芝生の種類、気候条件などによってまったく変わってくるそうです。

「たとえばグリーンがベント芝で、フェアウェイがコウライ芝のコースと、全部コウライ芝のコースでは管理費が変わります。九州や沖縄に行けばバミューダ芝もあります。それが18ホールなのか、27ホールなのか、36ホールなのかによっても値段が変わります。コース管理費はお金をかけようと思えばいくらでもかけられますから、上限はありません」

　顧客満足度を高めるためには、コース管理にお金をかけてコンディションを整える必要があります。

　ただ、そのぶんプレー料金が割高になると、顧客満足度が下がりますから、さじ加減が難しいところです。

「ですから売り上げが5億円あるのに赤字のところもあれば、売り上げが3億円しかなくても黒字のゴルフ場もあります」"
75,ふわふわで甘い「高級食パン」ブームに翳り　半年と持たず閉店する店舗も（デイリー新潮） - Yahoo!ニュース,"価格と価値が一致していない？　2斤で800円は当たり前。時には1000円を超え、街のベーカリーショップの5倍以上の価格設定もある「高級食パン」が流行り始めたのは2018年頃のことだった。“手の届くぜいたく”感がその人気の理由とされているが、最近は人気に翳りが見えてきたようだ。

【一覧】ねえぇほっとけないよ、乃木坂な妻たち、あせる王様…閉店した“変な名前の高級食パン店”

　***　高級食パンブームの終焉を指摘する声は、SNSにも散見される。1月初旬に投稿された〈変な名前の高級食パン店がバタバタ潰れていて気持ちがホッコリしています〉というツイートには、約3500件のリツイートと約4600件の「いいね」が寄せられた。同じ意見の人は少なくないようだ。

「変な名前の高級食パン店」として挙げられているのは、ベーカリープロデューサー・岸本拓也氏が手掛けたパン屋だった。高級食パン店の開業支援を数多く行ってきた岸本氏は、ブームの仕掛け人としてメディアにもたびたび登場。肩まで伸びた髪につばの広い帽子をかぶり、サングラスをかけた奇抜な出で立ちをご記憶の方も多いだろう。

　プロデュースしてきた店の名前も、ルックスに負けず劣らず個性的。「考えた人すごいわ」（東京都清瀬市ほか）、「生とサザンと完熟ボディ」（神奈川県茅ケ崎市）、「夜にパオーン」（静岡県袋井市）など、一度目にすれば忘れられないものばかり。それゆえ閉店が悪目立ちしてしまった感は否めない。

　件のツイートで閉店した例として挙げられていたのは4店舗。だが調べると、昨年2021年だけでも15店を超える店舗が閉店していることがわかった。うち9店は開業から1年と経たずに店を閉めている。たとえば、昨年1月にオープンした「遅刻のすすめ」（兵庫県神戸市）は、同年11月に閉店。11月オープンの「あせる王様　ブレッドスタジアム検見川浜店」（千葉県千葉市）に至っては、開業からわずか1カ月で閉店している。

　2022年になってからも、1月15日に「偉大なる発明　福岡高宮店」（福岡県福岡市）が閉店したほか（移転予定）、1月末には「告白はママから」（東京都武蔵野市）が閉店予定。いずれも営業期間は1年半に満たなかった。"
76,相鉄・東急直通線２３年３月開業へ　近く発表見通し、新横浜や都心へのアクセス向上（カナロコ by 神奈川新聞） - Yahoo!ニュース,"写真左から、東急東横線、相鉄線　相鉄線羽沢横浜国大駅（横浜市神奈川区）と東急線日吉駅（同市港北区）を結ぶ新路線「相鉄・東急直通線」が２０２３年３月の開業を予定していることが、関係者への取材で分かった。開業は２２年度下期と公表されていたが、詳しい日程は明らかになっていなかった。当初の計画より約４年遅れる形で、横浜西部や神奈川県央方面から、東京都心へのアクセスがさらに向上する。　　

【路線図で見る】相鉄とＪＲ・東急との直通線はここを走る

　相模鉄道（同市西区）と東急電鉄（東京都）などが近く、開業月を発表する見通し。関係者によると、開業日は土休日を軸に調整している。新路線の開業日は早朝の利用客が多い平日を避けるのが一般的で、相鉄・ＪＲ直通線も１９年１１月３０日の土曜日に走りだした。

　相鉄・東急直通線は、羽沢横浜国大と新横浜（仮称）、新綱島、日吉の４駅を主に地下で結ぶ約１０キロ区間の新路線。上りの列車は日吉を出て渋谷や目黒方面に、下りの列車は羽沢横浜国大、分岐駅となる相鉄本線の西谷を通って海老名方面などに向かう。

　運行本数は朝のラッシュ時が１時間に１０～１４本、それ以外は４～６本の見通し。相鉄・ＪＲ直通線は１時間に最大４本のため、東京都心への乗り入れ手段が拡充する。また、東海道新幹線が停車する新横浜へのアクセスが向上し、関西方面にも移動しやすくなる。神奈川新聞社"
77,【独自】電力使用量から在宅状況把握、企業・行政サービスに生かす…東電など新会社（読売新聞オンライン） - Yahoo!ニュース,　送配電会社の東京電力パワーグリッドやＮＴＴデータなど４社が、一般家庭の電力使用量のデータを活用したサービス提供の新会社を４月にも設立することがわかった。スマートメーター（電力計）のデータを使って契約者が生活する地域の在宅時間を分析し、企業や自治体に販売することを想定している。宅配やスーパーでの活用も想定（写真：読売新聞）　参加するのはほかに、関西電力送配電と中部電力。別の企業から出資を受けることも検討している。地域ごとの在宅時間や帰宅時間の傾向のほか、電気を使わない空き家や太陽光発電の設置率といったデータを活用したサービスを提供する。　たとえば、使用量から地域の在宅時間の傾向がわかれば、宅配会社は留守の多い時間帯の配達を避け、効率化が図れる。スーパーは帰宅時間のデータを基に、生鮮食品や総菜の値引き開始を決めれば、売れ残った食品を捨てる食品ロスの削減が期待できる。　自治体向けの提供も視野に入れる。データから電気をほとんど使っていない住宅がわかるので、自治体は空き家の実態を把握しやすくなる。防犯体制の強化や都市計画に生かすことが可能だ。太陽光発電の設置率は、再生可能エネルギーを普及させることに役立つ。ビッグデータを収益源に　データは、通信機能がついたスマートメーターで集める。３０分ごとの使用量のほか、住宅に設置した太陽光発電から送配電網に流れた電気の量もわかる。電力各社は、スマートメーターの導入を進めており、２０２４年度末までに国内全世帯、事業所の設置を目指している。　４社は電力データを基に、社会課題の解決を図る「グリッドデータバンク・ラボ」を運営し、実証実験を進めてきた。データは個人情報を削って、本人が特定されないように加工されている。新会社は複数の情報を集めて、傾向を提供する。顧客の要望に応じた新しいサービスも開発する。　電力データはこれまで、安定的に供給するために使われてきた。電力各社は、電力小売りの自由化で競争が激しくなっている。新会社の設立により、ビッグデータを活用したビジネスを収益源に育てることを目指す。　◆スマートメーター　通信機能がついた電力計。企業や家庭で計測した電気の使用量を無線やインターネット経由で、電力会社などに送る。電力会社は検針員を削減でき、人件費が抑えられる。契約者は使用量をこまめに把握でき、節電にいかせる。
78,外環道トンネル工事、一部再開へ　陥没で中断、住民に説明　東日本高速など（時事通信） - Yahoo!ニュース,"陥没した住宅街の市道＝２０２０年１０月１８日、東京都調布市（東日本高速道路提供）　東京都調布市の住宅街で2020年、東京外郭環状道路（外環道）の地下トンネル工事ルート真上にある道路が陥没した問題で、東日本高速道路（NEXCO東日本）や国土交通省などの事業者は23日に沿線住民向け説明会を開き、陥没後に中断していた掘削工事を一部区間で再開する考えを明らかにした。

【写真】東京都調布市の道路陥没問題について調査結果を説明する有識者委員会のメンバーら

　
　工事が中断していたのは東名高速道路と関越自動車道をつなぐ都内の約16キロの区間。掘削機は陥没現場付近に2基あるほか、関越道と交わる大泉ジャンクション（JCT、練馬区）付近に3基、中央自動車道と交わる中央JCT（三鷹市）付近に2基ある。　"
79,百貨店売上高、4．4兆円　微増もコロナ前比2割減　21年（時事通信） - Yahoo!ニュース,"一部フロアのみが営業している百貨店＝２０２１年５月７日、東京都中央区　2021年の全国百貨店売上高は、前年より2000億円程度多い4兆4000億円規模になったことが22日、分かった。

【図解】百貨店の売上高

　新型コロナウイルス流行で長期の臨時休業を強いられた前年（4兆2204億円）を上回ったものの、コロナ禍前の19年（5兆7547億円）に比べると、2割以上落ち込んだ。

　日本百貨店協会が25日、発表する。

　21年は、各社とも店舗の一部休業や売り場への入場制限などを余儀なくされた。来店客が伸び悩む中、売り上げを底上げしたのは腕時計や宝飾品、高級ブランド品などの高額商品だった。「旅行に行けなくなった富裕層が購入していた」（大手百貨店）という。

　緊急事態宣言が昨年9月末で全面解除された後は、客足も徐々に回復。感染が落ち着いていた年末年始商戦は、各社とも好調だった。ただ、最近は変異株「オミクロン株」の感染者急増に伴い客足が鈍り始めており、22年も先行きが見通せない状況だ。　"
80,しょうゆやジャム…値上げ春先以降も　家計への影響懸念（産経新聞） - Yahoo!ニュース,"消費者物価指数が上昇。値上げされる商品など。調理油類も値上げに＝２１日、大阪市城東区のスーパー玉出京橋店（前川純一郎撮影）食品などの値上げが相次いでいる。総務省が２１日に発表した昨年１２月の全国消費者物価指数は４カ月連続で前年を上回ったが、年明け以降も傾向は継続。物価上昇の要因とされる原油高や円安は足元でも続いており、こうした影響が最終製品やサービスに及ぶのは数カ月後とされることから、春先以降も身近な製品の値上げは続く見通しで、家計への影響が懸念される。

【表でみる】ミスタードーナツも３月から値上げ発表

「自社でやれることはやってきたが、このままでは安定供給にも影響が出かねない」。１４日にドレッシング１２品を約３～１３％値上げすると発表した日清オイリオグループの担当者はそう話す。

同社は昨年、菜種など穀物価格の高騰でドレッシングの主原料となる食用油の価格を計４回引き上げてきた。その影響が自社の加工製品にも及び始めている。

穀物価格は一昨年の原産国での不作に加え、世界的な脱炭素化の流れの中でバイオ燃料需要が増えて相場が上昇。小麦や大豆の値段なども上がっており、昨年後半から、パンやパスタなど加工食品を中心に値上げが続いている。

値上げの要因は穀物だけではない。新型コロナウイルス禍で落ち込んだ需要が世界的に急回復し、さまざまなモノの供給が追い付いていないことも背景にある。特に原油の価格高騰は幅広い業界に影を落とす。

ガソリンなどの燃料費の高騰で物流コストが増加するほか、電気やガスの価格も毎月のように値上がりして製造コストも上昇。原油高は製品の包装材の価格にも及ぶため、ほどんどの企業がなんらかの影響を受けることになる。

それだけに、キッコーマンが「企業努力だけでは吸収できない」と、しょうゆなどの価格を１４年ぶりに引き上げるなど、長年にわたって価格を維持してきた商品にも値上げの波が及んでいる。まだ値上げを実施していない大手飲料の担当者も「当然値上げは検討している」と明かす。

衣料品店「ユニクロ」を展開するファーストリテイリングの岡崎健（たけし）グループ上席執行役員最高財務責任者（ＣＦＯ）も、１３日の決算会見で「上げざるを得ないものは上げる」と述べており、今後も値上げ発表は続く見通しだ。（蕎麦谷里志）"
81,ガソリンスタンドの屋根はなぜ平らなのか？ 雪が降ったらどうしてる？（くるまのニュース） - Yahoo!ニュース,"「平ら」は合理性ゆえ　ガソリンスタンドを覆う屋根（上屋）の多くは、水平に造られています。なぜ水平なのでしょうか。

【画像】給油口の中身ってこうなってるの!? 意外な構造を見る！（14枚）

　一般的な民家のように傾きのある切妻屋根などだったら雨は流れますし、積もった雪も落ちますが、ガソリンスタンドの屋根に降った雨や雪はどうなるのでしょうか。ガソリンスタンドの屋根はなぜ平ら？（写真はイメージ。画像：写真AC）　ガソリンスタンドの屋根は、「キャノピー」と呼ばれています。

　キャノピーは、給油時に雨水が燃料に混ざるのを防いだり、雨雪や日光を遮ることで従業員の労働環境を改善したりといった役割があります。

　キャノピーは下から見ると平らですが、上の面は緩やかな勾配が設けられており、雨水は中央や外側に集められて配管から排水されていきます。

　積もった雪は太陽光で自然に解けるようにしていますが、雪が多い地域などはキャノピーに融雪用のヒーターを内蔵している店舗もあります。このため、雪降ろしは基本的にしなくて良い構造となっています。

　こうすることで、雨や雪がキャノピーの周りに落ちることがなく、氷柱（つらら）もできにくいというメリットがあります。

　ENEOS（エネオス）の広報担当者によると、ガソリンスタンドのキャノピーが平らなのは「投資コストと工期短縮を踏まえたもの」といいます。平らにする法的な根拠はなく、あくまで形状や施工に関して合理的に選択した結果であると説明します。

　そのためアーチ型だったり、三角屋根のガソリンスタンドも存在するそうです。

　しかし、そうはいっても平らなキャノピーに雪が積もったとき、雪下ろしはどうするのでしょうか。

　前出の担当者によると、前提としては「キャノピーは、建築基準法により一定の積雪までは耐えられるように造られています」と説明。強度は地域によって異なるそうです。

　ただし雪が深く積もると危険ですから、そのときはスタッフがキャノピーに上って雪下ろしをすることもあるということです。くるまのニュース編集部"
82,歌会はなぜ楽しい　アイドルやホストも参入、コロナ禍の短歌ブーム（産経新聞） - Yahoo!ニュース,"女性アイドル４人らが出演した「アイドル歌会＠詠い納め」。「無記名でも誰の短歌か分かる」と好評だった＝令和３年１２月２８日、東京・池袋（短歌研究社提供）【学芸万華鏡】

会員制交流サイト（ＳＮＳ）で広がる若者の短歌ブームが、出版界にも押し寄せている。短歌の歌集は数百部の自費出版が一般的だ。しかし、最近は１万部の商業出版が珍しくない。新型コロナウイルス禍でヒットした歌集もある。アイドルやホストが短歌を詠む歌会を開き、その成果を書籍化する動きも。歌会はなぜ楽しいのか。盛り上がるブームの背景を探った。

【写真】短歌ブームに伴い、商業出版される歌集が増えている

■ツイッターで応援

わずか３１文字に、共感や応援する気持ちを込める。

「その半分でも引き受けてあげたい」「世界中を敵にしても僕は君の味方」

〝文春砲〟を昨秋に浴びるなどした女性アイドルグループ「ＺＯＣ（ゾック）」メンバー、巫（かんなぎ）まろさんの上の句「炎上ではりさけそうなこの心」に、ファンがツイッターで次々と下の句を返す。

昨年１２月２８日、東京・池袋のホールで開かれた「アイドル歌会」には巫さんら女性アイドル４人が選者らと出演。短歌が古代から恋愛や社交のツールだった歴史を彷彿とさせた。

「円陣をもう組むことのないグループに　あけおめＬＩＮＥ送るべきかな」

所属グループ解散を詠んだ播磨かなさんには、「経験が歌に出てて最高エモかった」といったメッセージが寄せられた。

古典の和歌と異なり、今自分たちが使っている言葉で作り、声援がなくてもＳＮＳと拍手で静かに「エモい」を共有できる。コロナ対策が取られた会場はほぼ満席、ライブ配信視聴チケットも２２０枚が売れた。アイドル歌会は出版社の短歌研究社が昨年７月から計３回開催。同社は歌会の書籍化とレギュラー開催を目指す。

■出版不況でも上げ潮

インターネット上の短文で交流するＳＮＳには、短歌と通じる部分がある。

コロナ禍に直面する東京・歌舞伎町のホストの素顔が評判を呼んだ歌集『ホスト万葉集』。編者の一人で若手歌人の小佐野彈さんは、ホストが客にＬＩＮＥ送信するメッセージについて「短い文章の中にパワーワードがガッと詰まってて、すごいうまい。だから彼らが歌を詠めないはずがない」と述べている。

同書は歌舞伎町ホストによる２年間の歌会から選歌して令和２年７月に出版、１万部のヒットとなった。

出版不況の中、短歌界は上げ潮モードだ。月刊誌『短歌研究』３年５月号は昭和７年の創刊以来、９０年の歴史で初の重版となり注目を集めた。歌人３００人がコロナ禍を連想する「ディスタンス」をテーマに詠んだ新作を掲載していた。

短歌ブームを牽引する若手歌人の歌集では、出版社がコストを負担する商業出版も少なくない。例えば木下龍也さんは、平成３０年１月に出版した岡野大嗣(だいじ)さんとの共著『玄関の覗き穴から差してくる光のように生まれたはずだ』が昨年までに７刷計１万５０００部。単著『あなたのための短歌集』は昨年１１月の発売直後に重刷、計７５００部と好調なスタートを切った。

短歌集がなぜ売れるのか。背景には、自ら短歌を作る若者の増加がある。

■「一過性で終わらず」

現代口語短歌は、昭和６２年に出版された俵万智さんのミリオンセラー『サラダ記念日』をきっかけに大ブームが起きた。だが当時、短歌を発表する場は同人や結社と呼ばれるグループの短歌誌か、新聞への投稿が主流。結社と新聞は主宰者や選者がおり、掲載へのハードルが高い。ブームは収束したかにみえた。

インターネットが普及すると、短歌投稿サイトが相次いで開設。国内でツイッターが普及した平成２１年には、歌人が発表するツイッター短歌が話題になった。

ＳＮＳの中でも１４０文字の制限があるツイッターは、短歌と親和性が高いとされる。ここ１０年はツイッターやインスタグラムで自作を発表する若者が増え、詠み手の拡大に伴い若手歌人が続々と登場していた。

歌集を手掛けるナナロク社の村井光男社長は「ＳＮＳをきっかけに短歌を詠む２０～３０代が増えている。定型があることで始めやすく、発表もＳＮＳで自らできる。俳句より多い文字数は内容を展開しやすい。才能ある若い書き手も多く、一過性のブームで終わることはない」と話す。

データ分析「ヴァリューズ」（東京）の消費者行動実態調査によると、コロナ禍で接触時間を増やしたＳＮＳはインスタグラムとツイッター。いずれも第１回緊急事態宣言の令和２年４～５月にユーザー数を伸ばしたという。「歌を詠む」文化はＳＮＳを通じて現代に定着するのか。コロナ後の展開が注目される。"
83,「まさかマイナス？」8歳の貯金箱　駆け込みでATM故障も（時事通信） - Yahoo!ニュース,"大量の小銭の行方は…　ゆうちょ銀行が2022年1月17日に「硬貨取扱料金」を新設し、硬貨を預ける際に枚数に応じた手数料が掛かることになった。こうした手数料は、長引く超低金利を背景に多くの銀行が導入済み。「最後のとりで」だったゆうちょ銀の徴収開始に、大量の硬貨を扱う神社や募金の受け付け団体からは悲鳴が上がる。コツコツと小銭を貯めても手数料で目減りしかねない時代。どこの家庭でも見掛けた貯金箱は姿を消す運命なのだろうか。（時事ドットコム編集部　太田宇律） 

【写真】大量の硬貨投入で故障したATM

◇「駆け込み」ATM壊れる

　手数料の導入前最後の平日となった1月14日、各地の郵便局では硬貨の「駆け込み貯金」が相次いだ。東京都目黒区内のゆうちょ銀の窓口では、大量の硬貨の入ったビニール袋を抱えた利用者が順番待ちをしており、職員は「普段の倍以上のお客様が見えている」と忙しそうに話した。

　福岡市内にある福岡西郵便局では導入前日の16日、硬貨を現金自動預払機（ATM）に入金しようとする利用者が相次ぎ、昼過ぎに4台のATM全てが故障した。家族への送金に訪れた女性は「1時間くらいなら待とうかと思ったが、何時間掛かるか分からないと言われてあきらめて帰った」。同局によると、許容量を超える枚数の硬貨が投入されたことが故障の原因で、復旧は夕方ごろになったという。

◇超低金利、しぼむサービス

　金融機関が相次いで手数料を新設する背景には長期化する超低金利がある。貸し出しによる利ざや収入が減少した各行は、経営環境の悪化を防ごうと、2019年ごろから振り込みや両替の手数料引き上げを打ち出してきた。大量硬貨の取り扱い手数料もその一環だ。

　みずほ銀行では20年4月以降、窓口に101枚以上の硬貨を持ち込んだ場合、550円の手数料が掛かる。501枚を超えると1320円、1001枚超だと1980円となり、以降500枚ごとに660円ずつ増えていく。ATMでの預け入れは手数料不要だが、一度に投入できる枚数に制限がある。

　三菱UFJ銀行やりそな銀行、三井住友銀行なども、金額は若干異なるものの、同様の手数料を徴収している。

　「最後のとりで」と言われていたゆうちょ銀では、ATMで硬貨1枚を預け入れる場合も手数料が掛かる。同行広報部の担当者は「銀行業界を取り巻く経営環境は厳しい状況にあり、安定的なサービス提供やネットワーク維持のため、手数料を見直すことになった」と説明。硬貨の輸送保管費やATMの保守には年間数億円規模の費用が掛かっており、「心苦しいが、お客様にも手数料をご負担いただくことになった」と理解を求めた。

◇まさかのマイナス

　「下手すれば手数料でマイナスになってしまうかも…」。福井県敦賀市内に住む会社員の男性は、8歳の長女が大事にしている貯金箱のことが頭によぎった。2、3歳のころから家の手伝いをしたお駄賃やお小遣いを貯めてきた、ゲームキャラクターの「スライム」の形をした貯金箱だ。開けてみると、500円玉は1枚だけで、ほとんどが1円玉や10円玉。1月17日より前なら手数料が掛からないと分かり、急いで最寄りの郵便局窓口で数えてもらうと、総額7500円ほどになった。長女は職員から「こんなによく貯めたね」と褒められ、喜んでいたというが、男性は「今後は子どもたちが楽しく貯めたお金からも手数料を取られると思うと寂しい」と語った。

　東京都江戸川区に住む自営業の男性は、禁煙を機に、たばこを吸ったつもりで代金分をためる「つもり貯金」を始めた。コカコーラの瓶型の貯金箱にためた硬貨は計1万801枚。総額約120万円になっていた。手数料導入直前にゆうちょ銀に預けることができたが、「『来週なら1万円以上手数料が掛かるところだった』と窓口で言われた。楽しかったが、もう小銭貯金は止めます」と苦笑いした。"
84,「喫茶店」の廃業、2021年は過去最多の100件（東京商工リサーチ） - Yahoo!ニュース,"「商談」「時間つぶし」「勉強」需要減で2022年も増加の恐れ喫茶店の苦境が続く（TSR撮影）　2021年の「喫茶店」の休廃業・解散が初めて100件に達し、過去最多を記録したことが東京商工リサーチの調査でわかった。大手チェーンや「コンビニコーヒー」との競争に加え、昨今の輸入コーヒー豆の高騰も痛手となった。コロナ禍で生活様式が変化し、商談や「時間つぶし」、「勉強」などの需要も減っている。先行きが見えず、債務超過に転落する前に廃業を決断したとみられる。
　
　オミクロン株の流行拡大で、1月に入り「まん延防止等重点措置」が東京などに適用された。在宅勤務が増え、需要回復は期待できない。2022年は廃業だけでなく、息切れによる倒産増の可能性も高まっている。「喫茶店」の休廃業・解散は過去最多「喫茶店」の休廃業・解散と倒産の年次推移　2021年の「喫茶店」の休廃業・解散は100件（前年比26.5％増）だった。調査を開始した2000年以降、最多だった2018年（84件）を大幅に上回った。
　一方、2021年の「喫茶店」の倒産は61件（前年比8.9％減）にとどまった。コロナ関連の休業補償金や持続化給付金、ゼロ・ゼロ融資などの資金繰り支援が下支えした。
　休廃業・解散と倒産の合計は161件で、これまで最多の2020年（146件）を15件上回り、過去最多となった。業績の2極化が進行　「シロノワールぜいたくピスタチオ」など新商品が好調な「コメダ珈琲店」を展開する（株）コメダホールディングスは、2021年3-11月の連結営業利益が前年同期比36.8％増の58億4700万円だった。
　一方、「ドトール・コーヒー」やレストランを運営する（株）ドトール・日レスホールディングスの2021年3-11月の連結営業利益は9億2100万円の赤字。また、「サンマルクカフェ」などの（株）サンマルクホールディングスの2021年4-9月の連結営業利益は27億900万円の赤字だった。「喫茶室ルノアール」の（株）銀座ルノアールの2021年4-9月の連結営業利益は6億6400万円の赤字といずれも苦戦し、大手でも明暗が分かれた。　オミクロン株の流行拡大で「まん延防止等重点措置」の適用地域は拡大が続く。
再び、在宅勤務が増え、外出する人も減ることが予想され、喫茶店は冬の時代に逆戻りしかねない。さらに、とどめを刺すようにコーヒー豆や他の食材も高騰している。
　コロナ禍で喫茶店の経営環境は厳しさを増す一方だ。コロナ関連の支援効果が薄まると廃業の前に倒産の増加が先に顕在化してくる事態も危惧される。"
